summons_number,plate_id,registration_state,plate_type,issue_date,violation_code,vehicle_body_type,vehicle_make,issuing_agency,street_code1,street_code2,street_code3,vehicle_expiration_date,violation_location,violation_precinct,issuer_precinct,issuer_code,issuer_command,issuer_squad,violation_time,time_first_observed,violation_county,violation_in_front_of_or_opposite,house_number,street_name,intersecting_street,date_first_observed,law_section,sub_division,violation_legal_code,days_parking_in_effect,from_hours_in_effect,to_hours_in_effect,vehicle_color,unregistered_vehicle,vehicle_year,meter_number,feet_from_curb,violation_post_code,violation_description,no_standing_or_stopping_violation,hydrant_violation,double_parking_violation
1484697303,JER1863,NY,PAS,06/10/2022,67,SDN,TOYOT,P,34330,179,0,20221210,0010,10,1,160195,0001,0000,1037A,,NY,F,,W 28TH ST,CHELSEA PK,0,408,E3,,BBBBBBB,ALL,ALL,BLK,0,2004,-,0,,,,,
1484697315,KEV4487,NY,PAS,06/13/2022,51,SUBN,JEEP,K,34310,16400,11010,20220908,0010,10,1,160195,0001,0000,1045A,,NY,O,436,27TH DR,,0,408,F3,,BBBBBBB,ALL,ALL,GRAY,0,2017,-,0,,,,,
1484697625,H73NYD,NJ,PAS,06/19/2022,63,SDN,JEEP,N,30640,13015,28540,0,0001,1,1,161315,0001,0000,1116A,,NY,,109,SOUTH ST,,0,408,F3,,BBBBBBB,ALL,ALL,GRAY,0,0,-,0,,,,,
1484697674,GJC9296,NY,PAS,06/19/2022,63,SUBN,LEXUS,N,30640,13015,28540,20230820,0001,1,1,161315,0001,0000,1052A,,NY,,109,SOUTH ST,,0,408,F3,,BBBBBBB,ALL,ALL,,0,0,-,0,,,,,
1484697686,M51PUV,NJ,PAS,06/19/2022,63,SDN,HYUND,N,30640,13015,28540,0,0001,1,1,161315,0001,0000,1107A,,NY,,109,SOUTH ST,,0,408,F3,,BBBBBBB,ALL,ALL,BLUE,0,0,-,0,,,,,
1484697698,H73NYD,NJ,PAS,06/23/2022,63,,JEEP,K,30640,13015,28540,0,0001,1,1,161315,0001,0000,1050A,,NY,O,109,SOUTH ST,,0,408,E3,,BBBBBBB,ALL,ALL,,0,0,-,0,,,,,
1484697728,M51PUV,NJ,PAS,06/23/2022,63,,HYUND,K,30640,13015,28540,0,0001,1,1,161315,0001,0000,1101A,,NY,O,109,SOUTH ST,,0,408,F3,,BBBBBBB,ALL,ALL,BLUE,0,0,-,0,,,,,
1484698204,KJJ8637,NY,PAS,06/20/2022,67,SUBN,TOYOT,N,11585,26390,15010,20230120,0005,5,1,160954,0001,0000,1205P,,NY,F,,COLEMAN PLAYGROUND,,0,408,E3,,BBBBBBB,ALL,ALL,WHITE,0,2021,-,0,,,,,
1484698381,JEC8631,NY,PAS,06/19/2022,98,SUBN,NISSA,N,0,0,0,20230121,0010,10,1,161348,0001,0000,0535P,,NY,,,S/S W 28TH STREET,W/O 9TH AVENUE,0,408,B,,BBBBBBB,ALL,ALL,BLK,0,2002,-,0,,,,,
1484698721,K21PNH,NJ,PAS,06/25/2022,10,SUBN,JEEP,K,33190,25190,31990,0,0006,6,1,161134,0001,0000,0307P,,NY,O,40,WASHINGTON SQ SO,,0,408,B,,BBBBBBB,ALL,ALL,RED,0,0,-,0,,,,,
1484698769,LVK1404,PA,PAS,06/05/2022,10,SUBN,NISSA,P,33190,25190,31990,0,0006,6,1,161134,0001,0000,0225P,,NY,O,40,WASHINGTON SQUARE SO,,0,408,B,,BBBBBBB,ALL,ALL,GY,0,0,-,0,,,,,
1484699683,KSX6366,FL,PAS,06/25/2022,51,SUBN,SUBAR,K,30640,24050,0,20230713,0001,1,1,161331,0001,0000,0320P,,NY,,,SOUTH ST,JOHN ST,0,408,C4,,BBBBBBB,ALL,ALL,GRAY,0,2005,-,0,,,,,
1484699750,GCX5397,NY,PAS,06/19/2023,63,SUBN,CHEVR,N,30640,13015,28540,20230103,0001,1,1,161331,0001,0000,1102A,,NY,O,109,SOUTH ST,,0,408,F3,,BBBBBBB,ALL,ALL,WHT,0,2010,-,0,,,,,
1484703261,KUH5328,NY,PAS,06/09/2022,45,SDN,NISSA,K,0,0,0,20240321,0045,45,2,160541,0002,0000,0606P,,BX,F,1,PARK RD,ORCHARD BEACH PARKIN,0,408,F3,,BBBBBBB,ALL,ALL,BLK,0,2002,-,0,,,,,
1484710629,KUH1765,NY,OMS,06/30/2022,14,SDN,TOYOT,K,33340,0,0,20220930,100,100,3,160561,0003,0000,1250P,,Q,F,,B 97 ST,SHORE FT PKWY,0,408,C,,BBBBBBB,ALL,ALL,BLACK,0,2022,-,0,,,,,
1484717909,HJJ9998,NY,PAS,06/10/2022,20,SUBN,HONDA,K,34440,0,0,20221205,101,101,3,160296,0003,0000,1031A,,Q,O,,B 125TH ST,PARKING LOT,0,408,C,,BBBBBBB,ALL,ALL,RED,0,2005,-,0,,,,,
1484720581,GHR524,FL,PAS,07/03/2022,68,VAN,CHRYS,K,0,0,0,0,122,122,5,160110,0005,0000,1132A,,R,,,SMITH BEACH,LOT 2,0,408,B,,BBBBBBB,ALL,ALL,WHT,0,0,-,0,,,,,
1484720600,G15PTU,NJ,PAS,07/03/2022,68,SUBN,CHEVR,K,0,0,0,0,122,122,5,160110,0005,0000,1135A,,R,,,SMITH BEACH,LOT 2,0,408,A1,,BBBBBBB,ALL,ALL,WHT,0,0,-,0,,,,,
1484720829,JLJ6406,NY,PAS,06/18/2022,27,SDN,NISSA,K,11210,22695,0,20220716,123,123,5,160470,0005,0000,0607P,,R,,,WOLFES POND PARK,CHESTER AVE,0,408,D3,,BBBBBBB,ALL,ALL,BLACK,0,2022,-,0,,,,,
1484721317,KNZ4744,NY,PAS,06/29/2022,20,SUBN,ME/BE,K,23904,25680,21950,20230902,120,120,7,160548,0007,0000,0712P,,R,,,CLOVE LAKES PK,,0,408,D3,,BBBBBBB,ALL,ALL,WHITE,0,2021,-,0,,,,,
1484721329,HEZ7860,NY,PAS,07/04/2022,20,SUBN,SUBAR,K,39202,0,0,20240305,122,122,5,160548,0005,0000,0235P,,R,,,MIDLAND BEACH,LOT 8,0,408,C4,,BBBBBBB,ALL,ALL,GL,0,2016,-,0,,,,,
1484721330,HDE5505,NY,PAS,07/04/2022,20,SUBN,ME/BE,K,39202,0,0,20240303,122,122,5,160548,0005,0000,0156P,,R,,,MIDLAND BEACH,LOT 8,0,408,D,,BBBBBBB,ALL,ALL,WHITE,0,2019,-,0,,,,,
1484721809,GDM5641,NY,PAS,07/04/2022,20,SDN,LEXUS,K,0,0,0,20230207,123,123,5,160073,0005,0000,0148P,,R,,,,,0,408,F1,,BBBBBBB,ALL,ALL,BLK,0,2021,-,0,,,,,
1484724136,JEB6269,NY,PAS,07/04/2022,68,SDN,CHEVR,N,22278,0,0,20221018,122,122,5,160690,0005,0000,0626P,,R,,,CEDAR GROVE BEACH,PARKING LOT,0,408,F3,,BBBBBBB,ALL,ALL,SILVE,0,2015,-,0,,,,,
1484725888,KET8159,NY,PAS,07/09/2022,20,SDN,CHEVR,K,42850,33720,61830,20221029,0084,84,4,160448,0004,0000,0841P,,K,F,60,FURMAN ST,,0,408,C4,,BBBBBBB,ALL,ALL,SILVE,0,2011,-,0,,,,,
1484725955,KSG1672,NY,PAS,06/15/2022,27,SDN,VOLKS,K,0,13820,0,20231007,0084,84,4,160448,0004,0000,0613P,,K,,150,FURMAN,BROOKLYN BRIDGE PARK,0,408,E3,,BBBBBBB,ALL,ALL,BLACK,0,2018,-,0,,,,,
1484726352,KFR7708,NY,PAS,06/11/2022,14,SUBN,ACURA,K,13820,0,0,20220909,0084,84,4,161241,0004,0000,0940A,,K,,150,BROOKLYN BRIDGE PK,BRIDGE PK,0,408,F3,,BBBBBBB,ALL,ALL,WHITE,0,2020,-,0,,,,,
1484726364,JHJ2036,NY,PAS,06/17/2022,14,SUBN,ROVER,K,0,0,0,20230416,0084,84,4,161241,0004,0000,1151A,,K,F,,OPP ADAMS STREET,BROOKLYN BRIDGE PARK,0,408,D3,,BBBBBBB,ALL,ALL,BLK,0,2019,-,0,,,,,
1484726832,KGE9682,NY,PAS,06/04/2022,68,SUBN,HONDA,K,13820,0,0,20221011,0084,84,4,160116,0004,0000,1221P,,K,,,BROOKLYN BRIDGE PK,159 BRIDGE PK DR,0,408,C,,BBBBBBB,ALL,ALL,BLUE,0,2020,-,0,,,,,
1484726844,HSZ5866,NY,PAS,06/04/2022,68,SUBN,BMW,K,13820,0,0,20221205,0084,84,4,160116,0004,0000,1220P,,K,,,BROOKLYN BRIDGE PK,BRIDGE PK,0,408,A1,,BBBBBBB,ALL,ALL,BLACK,0,2015,-,0,,,,,
1484731130,KFP2694,NY,PAS,06/25/2022,20,SDN,HONDA,K,12220,0,0,20230726,0075,75,5,160422,0005,0000,0350P,,Q,,,HIGHLAND PK,RIDGEWOOD,0,408,C,,BBBBBBB,ALL,ALL,GREY,0,2009,-,0,,,,,
1484741596,KED2437,NY,PAS,06/25/2022,98,SUBN,FORD,N,22420,67320,26850,20220805,0042,42,2,161201,0002,0000,0922A,,BX,O,1624,CROTONA PARK EAST,,0,408,C,,BBBBBBB,ALL,ALL,GREY,0,2011,-,0,,,,,
1484741640,HCA3747,NY,PAS,07/05/2022,98,SDN,NISSA,K,29620,8920,12550,20231013,0046,46,2,161201,0002,0000,0214P,,NY,O,324,EAST TREMONT AVE,,0,408,D3,,BBBBBBB,ALL,ALL,BL,0,2012,-,0,,,,,
1484741780,KEX2744,NY,PAS,06/30/2022,20,SUBN,HONDA,N,29520,12335,0,20221007,0044,44,2,160695,0002,0000,0430A,,BX,,,MT EDEN PKWY,MT EDEN MALLS,0,408,E5,,BBBBBBB,ALL,ALL,BLK,0,0,-,0,,,,,
1484741808,HLUT83,FL,PAS,06/30/2022,20,,BUICK,N,63920,12335,0,0,0044,44,2,160695,0002,0000,0436A,,BX,,,SELWYN AVE,MT EDEN MALLS,0,408,D,,BBBBBBB,ALL,ALL,SILVE,0,0,-,0,,,,,
1484741810,KWF4643,NY,PAS,06/30/2022,20,FOUR,NISSA,N,29520,12335,0,20240509,0044,44,2,160695,0002,0000,0440A,,BX,,,MT EDEN PKWY,MT EDEN MALLS,0,408,D,,BBBBBBB,ALL,ALL,WHITE,0,0,-,0,,,,,
1484741821,KGR7371,NY,PAS,06/30/2022,20,SUBN,CHEVR,N,29520,12335,0,20221202,0044,44,2,160695,0002,0000,0445A,,BX,,,MT EDEN PKWY,MT EDEN MALLS,0,408,D,,BBBBBBB,ALL,ALL,GREY,0,2002,-,0,,,,,
1484741833,GXA8473,NY,PAS,06/30/2022,20,SUBN,FORD,N,0,12335,0,20230211,0044,44,2,160695,0002,0000,0449A,,BX,,,EAST BURN AVE,MT EDEN MALLS,0,408,D,,BBBBBBB,ALL,ALL,TAN,0,2005,-,0,,,,,
1484741857,G10NPU,NJ,PAS,07/03/2022,14,,HONDA,K,22320,22425,0,0,0042,42,2,160695,0002,0000,0509A,,BX,,,CROTONA AVE,CROTONA PARK,0,408,B,,BBBBBBB,ALL,ALL,WHITE,0,0,-,0,,,,,
1484741948,HVR3038,OH,PAS,06/30/2022,51,,NISSA,N,18820,0,0,0,0046,46,2,160695,0002,0000,0405A,,BX,,,CEDAR AVE,UNIVERSITY WOODS PAR,0,408,E3,,BBBBBBB,ALL,ALL,SILVE,0,0,-,0,,,,,
1484750809,LNY1417,PA,PAS,07/03/2022,51,SDN,HYUND,K,19720,22425,0,0,0042,42,2,160567,0002,0000,1248P,,NY,,,CLAREMONT PKWY,CROTONA PK,0,408,E5,,BBBBBBB,ALL,ALL,WHITE,0,0,-,0,,,,,
1484751050,H62PXP,NJ,PAS,07/03/2022,10,,,K,22320,22425,0,0,0042,42,2,160568,0002,0000,0448P,,BX,,,CROTONA AVE,CROTONA PK,0,408,E3,,BBBBBBB,ALL,ALL,WT,0,0,-,0,,,,,
1484751073,KRT3436,NY,PAS,06/26/2022,14,SUBN,HONDA,N,22320,19720,22520,20231118,0042,42,2,160568,0002,0000,0537P,,BX,F,1700,CROTONA AVE,,0,408,J2,,BBBBBBB,ALL,ALL,BLUE,0,2009,-,0,,,,,
1484751632,LYD2422,PA,PAS,06/18/2022,20,,SUBAR,K,9020,0,0,0,0046,46,2,160695,0002,0000,0206A,,BX,,,AQUEDUCT AVE E,AQUEDUCT LAND PL,0,408,E3,,BBBBBBB,ALL,ALL,BLK,0,0,-,0,,,,,
1484751759,KDT8949,NY,PAS,06/11/2022,14,SDN,BMW,K,22320,22425,0,20200804,0042,42,2,160695,0002,0000,0744P,,BX,,,CROTONA AVE,CROTONA PARK,0,408,E3,,BBBBBBB,ALL,ALL,BLK,0,0,-,0,,,,,
1484751978,KUY9819,NY,PAS,06/06/2022,20,,DODGE,K,68720,0,0,20240306,0041,41,2,160955,0002,0000,1002A,,BX,O,310,TIFFANY ST,BARRETO POINT PARK,0,408,C,,BBBBBBB,ALL,ALL,BLUE,0,2010,-,0,,,,,
1484751980,HYT3463,NY,PAS,06/05/2022,20,SUBN,ACURA,K,71750,0,0,20240508,0041,41,2,160955,0002,0000,0222P,,BX,O,,VIELE AVE,BARRETO POINT PARK,0,408,D,,BBBBBBB,ALL,ALL,WH,0,2020,-,0,,,,,
1484752028,KBS8149,PA,PAS,06/06/2022,53,SUBN,HONDA,K,54520,12150,0,0,0041,41,2,160955,0002,0000,1023A,,BX,O,1355,OAK POINT AVE,DRAKE PARK,0,408,D,,BBBBBBB,ALL,ALL,BLU,0,0,-,0,,,,,
1484752030,KSE3609,NY,PAS,06/06/2022,20,SUBN,HONDA,K,41620,12150,0,20230912,0041,41,2,160955,0002,0000,1030A,,BX,O,501,HUNTS POINT AVE,DRAKE PARK,0,408,F6,,BBBBBBB,ALL,ALL,BLUE,0,2018,-,0,,,,,
1484752260,JKB9122,NY,PAS,06/05/2022,51,SDN,HYUND,K,22320,22425,0,20210619,0042,42,2,161201,0002,0000,1223P,,BX,F,1700,CROTONA AVE,CROTONA PARK,0,408,D,,BBBBBBB,ALL,ALL,RED,0,2015,-,0,,,,,
1484752272,KSZ7897,NY,PAS,06/06/2022,14,SDN,LEXUS,K,36420,58870,0,20231115,0052,52,2,161201,0002,0000,1109A,,BX,O,2593,GRAND CONCOURSE,POE PARK,0,408,E3,,BBBBBBB,ALL,ALL,BLK,0,2016,-,0,,,,,
1484752296,HBB1279,NY,PAS,06/05/2022,14,SUBN,LEXUS,K,22320,22425,0,20230929,0042,42,2,161201,0002,0000,0832A,,BX,F,1700,CROTONA AVE,CROTONA PARK,0,408,C,,BBBBBBB,ALL,ALL,SILVE,0,2005,-,0,,,,,
1484752314,HRG9814,NY,PAS,06/08/2022,20,SDN,TOYOT,K,20720,12745,0,20230530,0040,40,2,161201,0002,0000,0902A,,BX,O,470,COLLEGE AVE,PATTERSON PLAYGROUND,0,408,C,,BBBBBBB,ALL,ALL,GREY,0,2017,-,0,,,,,
1484752752,KKD1739,NY,PAS,06/10/2022,20,SUBN,TOYOT,K,22620,22425,0,20230307,0042,42,2,161201,0002,0000,0950A,,BX,O,642,CROTONA PARK SOUTH,CROTONA PARK,0,408,C,,BBBBBBB,ALL,ALL,BLK,0,2009,-,0,,,,,
1484754906,LHL7735,PA,PAS,06/11/2022,14,,HONDA,K,22320,22425,0,0,0042,42,2,160695,0002,0000,0749P,,BX,,,CROTONA AVE,CROTONA PARK,0,408,D,,BBBBBBB,ALL,ALL,GRAY,0,0,-,0,,,,,
1484763269,GZJ6596,NY,PAS,06/11/2022,20,SUBN,FORD,K,29090,24940,0,20230615,113,113,3,160933,0003,0000,0100P,,Q,F,,BAISLEY BLVD,177 ST,0,408,D,,BBBBBBB,ALL,ALL,BLK,0,2013,-,0,,,,,
1484765035,KSP2161,NY,PAS,06/05/2022,20,SUBN,HONDA,K,33340,60805,0,20230819,100,100,3,160569,0003,0000,0434P,,Q,F,,B 97,ROCKAWAY BEACH,0,408,D,,BBBBBBB,ALL,ALL,GRAY,0,2006,-,0,,,,,
1484765047,JHL7394,NY,PAS,06/05/2022,20,SUBN,HONDA,K,33340,0,0,20230509,100,100,3,160569,0003,0000,0430P,,Q,F,,B 97,ROCKAWAY BEACH COMMA,0,408,D,,BBBBBBB,ALL,ALL,WHITE,0,2019,-,0,,,,,
1484765096,KNV1564,NY,PAS,06/26/2022,14,SUBN,CHEVR,K,33690,0,0,20230615,100,100,3,160569,0003,0000,0453A,,NY,F,,B 106TH,ROCKAWAY,0,408,D,,BBBBBBB,ALL,ALL,BLUE,0,2021,-,0,,,,,
1484765102,KEK4221,NY,PAS,06/26/2022,14,SDN,KIA,K,33690,0,0,20220814,100,100,3,160569,0003,0000,0455P,,Q,F,,B 106TH,SHORE FT PKWY,0,408,C,,BBBBBBB,ALL,ALL,RED,0,2020,-,0,,,,,
1484765667,KEU8258,NY,PAS,06/22/2022,19,SUBN,SUBAR,P,77730,74630,86530,20220923,0076,76,76,971812,0076,0000,1045A,,K,F,297,SMITH ST,,0,408,E2,,BBBBBBB,ALL,ALL,RED,0,2016,-,0,,,,,
1484766179,JRW7779,NY,PAS,06/24/2022,40,SUBN,BMW,P,12630,48830,27530,20230428,0076,76,76,972403,0076,0000,1042P,,,F,139,AMITY ST,,0,408,F1,,BBBBBBB,ALL,ALL,GRY,0,2016,-,0,,,,,
1484767226,GDP3545,NY,PAS,06/18/2022,40,SDN,TOYOT,P,49630,32130,74630,20221226,0076,76,76,963205,0076,0000,0915A,,K,O,523-527,HICKS ST,,0,408,K6,,BBBBBBB,ALL,ALL,BLU,0,2004,-,0,,,,,
1484767238,HXF7569,NY,PAS,07/02/2022,14,SUBN,SUBAR,P,0,0,0,20240109,0076,76,76,963205,0076,0000,0951A,,K,,,C/O SACKETT ST,I/O HICKS ST,0,408,E2,,BBBBBBB,ALL,ALL,WHT,0,2017,-,0,,,,,
1484767329,KNIGHT,CA,PAS,06/22/2022,51,MOTO,,P,53950,49630,0,0,0076,76,76,963205,0076,0000,0946A,,K,,,KANE ST,HICKS ST,0,408,E2,,BBBBBBB,ALL,ALL,BLK,0,2021,-,0,,,,,
1484767640,KDW3804,NY,PAS,06/14/2022,74,SUBN,NISSA,P,29830,12630,19230,20220628,0076,76,76,972580,0076,0000,0841P,0718P,K,F,168,COURT STREET,,0,408,F2,,BBBBBBB,ALL,ALL,BRO,0,2011,-,0,,,,,
1484768103,KHN2049,NY,PAS,06/20/2022,20,SUBN,HONDA,P,46830,83230,94230,20221111,0076,76,76,972896,0076,0000,0958P,0919P,K,F,101,HAMILTON AVE,,0,408,E2,,BBBBBBB,ALL,ALL,GRY,0,2012,-,0,,,,,
1484768127,KKE4605,NY,PAS,07/03/2022,14,SUBN,HONDA,P,28430,25370,23830,20230224,0076,76,76,972896,0076,0000,0239A,,K,F,466,COLUMBIA STREET,,0,408,F1,,BBBBBBB,ALL,ALL,BLACK,0,2015,-,0,,,,,
1484768139,KYE9414,NY,PAS,07/03/2022,20,SDN,FORD,P,49630,90930,61010,20240623,0076,76,76,972896,0076,0000,0306A,,K,O,779,HICKS ST,,0,408,C,,BBBBBBB,ALL,ALL,WH,0,2012,-,0,,,,,
1484768231,JFW7779,NY,PAS,06/16/2022,40,SUBN,BMW,P,12630,48830,27530,20230428,0076,76,76,972896,0076,0000,1225P,1220P,,F,139,AMITY ST,,0,408,D,,BBBBBBB,ALL,ALL,GRAY,0,2016,-,0,,,,,
1484768577,KVG5372,NY,PAS,06/25/2022,14,SDN,,P,0,0,0,20240325,0076,76,76,972534,0076,0000,1142A,1140A,,,,S/W/C/O CENTRE ST,CLINTON ST,0,408,E2,,BBBBBBB,ALL,ALL,WHITE,0,2013,-,0,,,,,
1484768620,HVN3763,NY,PAS,06/10/2022,40,SUBN,TOYOT,P,33730,77730,51030,20221007,0076,76,76,972534,0076,0000,1125A,1123A,K,F,90,DOUGLASS ST,,0,408,D,,BBBBBBB,ALL,ALL,GRAY,0,2011,-,0,,,,,
1484768644,JPM9520,NY,PAS,06/22/2022,16,SUBN,HONDA,P,28530,73270,86730,20240423,0076,76,76,977534,0076,0000,1235P,1230P,K,F,71,COMMERCE ST,,0,408,F2,,YYYYYYY,0700A,0600P,GRAY,0,2018,-,0,,,,,
1484768656,JDS2095,NY,PAS,06/22/2022,14,SDN,NISSA,P,51830,88330,70830,20221116,0076,76,70,972534,0070,0000,0205P,,K,O,131,IMLAY ST,,0,408,K2,,BBBBBBB,ALL,ALL,WH,0,2021,-,0,,,,,
1484768668,GD2556,NY,PAS,06/23/2022,17,SUBN,NISSA,P,86530,86730,28430,20220926,0076,76,76,972534,0076,0000,1215P,1210A,K,O,82,UNION ST,,20220623,408,C,,BBBBBBB,ALL,ALL,BLK,0,2021,-,0,,,,,
1484768930,GGJ3782,NY,PAS,06/20/2022,98,SDN,CHEVR,P,15180,28430,49630,20240611,0076,76,76,972615,0076,0000,1150A,,NY,F,86,BALTIC ST,,0,408,E2,,BBBBBBB,ALL,ALL,ORANG,0,2013,-,0,,,,,
1484768954,GDP3545,NY,PAS,06/20/2022,40,SDN,TOYOT,P,32130,49630,25630,20221226,0076,76,76,972615,0076,0000,0200P,0200P,NY,F,161,DEGRAW ST,,0,408,F2,,BBBBBBB,ALL,ALL,BLUE,0,0,-,0,,,,,
1484769429,JFW7779,NY,PAS,06/24/2022,40,SUBN,BMW,P,12630,48830,27530,20220428,0076,76,76,972507,0076,0000,0809P,,K,F,137,AMITY ST,,0,408,C4,,BBBBBBB,ALL,ALL,GREY,0,2016,-,0,,,,,
1484769442,JFW7779,NY,PAS,06/15/2022,40,SUBN,BMW,P,12630,48830,27530,20230428,0076,76,76,972507,0076,0000,1030P,,K,F,139,AMITY ST,,0,408,E3,,BBBBBBB,ALL,ALL,,0,0,-,0,,,,,
1484769454,HCR4935,NY,PAS,06/15/2022,98,SUBN,HONDA,P,46830,83230,94230,20231027,0076,76,76,972507,0076,0000,1102P,,K,F,101,HAMILTON AVE,,0,408,E2,,BBBBBBB,ALL,ALL,,0,0,-,0,,,,,
1484770262,KPU4471,NY,PAS,06/30/2022,98,SDN,KIA,P,5630,5480,51030,20230831,0076,76,76,972656,0076,0000,0242P,,K,F,25,5TH STREET,,0,408,F4,,BBBBBBB,ALL,ALL,WHITE,0,2015,-,0,,,,,
1484770274,K74PDE,NJ,PAS,06/30/2022,16,SDN,HONDA,P,5630,5480,51030,0,0076,76,76,972656,0076,0000,0242P,,K,F,25,5TH STREET,,0,408,F2,,BBBBBBB,ALL,ALL,SILVE,0,0,-,0,,,,,
1484770924,KKB5586,NY,PAS,07/03/2022,14,SDN,NISSA,P,28430,51630,88330,20230223,0076,76,76,962519,0076,0000,0840P,,K,F,421,COLUMBIA ST,,0,408,K2,,BBBBBBB,ALL,ALL,GRAY,0,2017,-,0,,,,,
1484770936,KVC7160,NY,PAS,07/04/2022,14,SDN,MAZDA,P,34630,23830,68650,20240414,0076,76,76,962519,0076,0000,0139A,,K,F,106,DWIGHT ST,,0,408,C,,BBBBBBB,ALL,ALL,GRAY,0,2007,-,0,,,,,
1484772192,HRF7476,NY,PAS,06/11/2022,98,SDN,BMW,P,72230,77730,51030,20230602,0070,70,76,956039,0076,0000,0727A,,,F,300,PRESIDENT ST,,0,408,E2,,BBBBBBB,ALL,ALL,BLK,0,2020,-,0,,,,,
1484772209,JPB6390,NY,PAS,07/02/2022,14,SUBN,MITSU,P,28430,61010,25370,20240308,0076,76,76,961388,0076,0000,1053P,,K,F,450,COLUMBIA ST,,0,408,C,,BBBBBBB,ALL,ALL,BLACK,0,2019,-,0,,,,,
1484773044,JPW4863,NY,PAS,06/13/2022,98,SUBN,TOYOT,P,90930,49630,48830,20220703,0076,76,76,968324,0076,0000,0452P,,NY,F,53,WEST 9 ST,,0,408,E5,,BBBBBBB,ALL,ALL,PURPL,0,2017,-,0,,,,,
1484773056,KVG5372,NY,PAS,06/27/2022,14,SDN,ME/BE,P,0,0,0,20240325,0076,76,76,968324,0076,0000,0520P,,K,F,,CENTRE ST,I/O CLINTON ST,0,408,E2,,BBBBBBB,ALL,ALL,WH,0,2013,-,0,,,,,
1484773445,GDP3545,NY,PAS,06/19/2022,40,SDN,TOYOT,P,32130,49630,25630,20221226,0076,76,78,956837,0078,0000,0235P,,K,F,161,DEGRAW ST,,0,408,F2,,BBBBBBB,ALL,ALL,BLK,0,2004,-,0,,,,,
1484773627,KNJ3741,NY,PAS,06/14/2022,20,SDN,TOYOT,P,43230,29830,77730,20230619,0076,76,76,971154,0076,0000,1205P,1200P,K,F,37,GARNET STREET,,0,408,F2,,BBBBBBB,ALL,ALL,BLU,0,2006,-,0,,,,,
1484773639,KNJ3741,NY,PAS,06/14/2022,48,SDN,,P,43230,29830,77730,20230619,0076,76,76,971154,0076,0000,1205A,1200P,K,F,37,GARNET STREET,,0,408,D,,BBBBBBB,ALL,ALL,BLU,0,2006,-,0,,,,,
1484775119,KHK8857,NY,PAS,07/09/2022,98,SUBN,HONDA,P,19540,12790,12890,20221221,112,112,112,952268,0112,0000,1238A,,Q,F,6210,102 STREET,,0,408,C3,,BBBBBBB,ALL,ALL,GY,0,2006,-,0,,,,,
1484780796,GQH7507,OH,PAS,06/21/2022,98,SDN,TOYOT,P,8080,5280,5430,0,0072,72,72,965960,0072,0000,0717A,,K,O,122,30 ST,,0,408,E2,,BBBBBBB,ALL,ALL,BL,0,2021,-,0,,,,,
1484780814,KLN1882,NY,PAS,06/12/2022,40,SUBN,LEXUS,P,9280,5680,5780,20230524,0072,72,72,969796,0072,0000,0255A,,K,F,631,54 ST,,0,408,E2,,BBBBBBB,ALL,ALL,GREY,0,2021,-,0,,,,,
1484781211,JLE1690,NY,PAS,06/11/2022,98,SDN,NISSA,P,6930,5280,5430,20230908,0072,72,72,970946,0072,0000,1124P,,,F,163,18 ST,,0,408,E2,,BBBBBBB,ALL,ALL,GRY,0,2012,-,0,,,,,
1484790893,KNU8782,NY,PAS,06/21/2022,46,,INFIN,P,5580,8580,8630,20240509,0072,72,72,969404,0072,0000,1030P,,K,F,4011,5 AVE,,0,408,E5,,BBBBBBB,ALL,ALL,WHITE,0,2016,-,0,,,,,
1484790900,KSH3301,NY,PAS,06/25/2022,98,SDN,BMW,P,9280,5280,5430,20231021,0072,72,72,969404,0072,0000,1042P,,K,O,321,54 ST,,0,408,C,,BBBBBBB,ALL,ALL,BLACK,0,2001,-,0,,,,,
1484791575,KVV5493,NY,PAS,06/25/2022,40,SDN,HONDA,P,9180,5280,5430,20240424,0072,72,72,972428,0072,0000,0431P,,K,F,345,52 STREET,,0,408,F2,,BBBBBBB,ALL,ALL,RED,0,2019,-,2,,,,,
1484793766,JLN4807,NY,PAS,06/25/2022,98,SUBN,TOYOT,P,6730,6180,25340,20231002,0072,72,72,971279,0072,0000,0812P,,K,F,597,16TH STREET,,0,408,E2,,BBBBBBB,ALL,ALL,GY,0,2015,-,0,,,,,
1484795003,KXN5220,NY,PAS,06/20/2022,40,SDN,HYUND,P,9730,18950,5430,20280613,,0,72,971578,0072,0000,0615A,,,O,376,63 STREET,,0,408,E2,,BBBBBBB,ALL,ALL,GREY,0,2018,-,0,,,,,
1484795027,KEF6708,NY,PAS,06/26/2022,40,SDN,NISSA,P,8930,5780,5880,20220817,0072,72,72,971578,0072,0000,0055A,,,F,729,47 STREET,,0,408,F2,,BBBBBBB,ALL,ALL,BLK,0,2015,-,0,,,,,
1484797863,JKN5256,NY,PAS,06/15/2022,98,SDN,VOLKS,P,5280,72230,24830,20230930,0072,72,72,971739,0072,0000,0245P,,NY,F,271,3RD AVE,,0,408,F2,,BBBBBBB,ALL,ALL,GREY,0,2012,-,0,,,,,
1484798594,KJJ8794,NY,PAS,06/12/2022,98,SUBN,LEXUS,P,9630,5780,5880,20230218,0072,72,72,972276,0072,0000,0640P,,K,F,720,61 ST,,0,408,F7,,BBBBBBB,ALL,ALL,BLACK,0,2018,-,0,,,,,
1484798624,KEP7733,NY,PAS,06/21/2022,53,SDN,HONDA,P,7180,5580,5680,20220804,0072,72,72,972276,0072,0000,1017A,,K,F,242,20 ST,,0,408,E2,,BBBBBBB,ALL,ALL,,0,2020,-,0,,,,,
1484798636,KKP6667,NY,PAS,06/21/2022,53,SUBN,LEXUS,P,7180,5580,5680,20230310,0072,72,72,972276,0072,0000,1024A,,K,F,242,20 ST,,0,408,F6,,BBBBBBB,ALL,ALL,BLK,0,2017,-,0,,,,,
1484798648,KSD4338,NY,PAS,06/21/2022,68,SUBN,DODGE,P,8730,5430,5580,20230915,0072,72,72,972276,0072,0000,1057A,,K,O,475,43 ST,,0,408,F6,,BBBBBBB,ALL,ALL,BLK,0,2018,-,0,,,,,
1484798910,KWW3399,NY,PAS,06/14/2022,20,SUBN,HONDA,P,8630,5680,0,20240328,0072,72,72,971006,0072,0000,0654P,,K,F,,41 ST,6 AVE,0,408,F1,,BBBBBBB,ALL,ALL,GY,0,2011,-,0,,,,,
1484799460,KNV1114,NY,PAS,06/17/2022,40,SUBN,TOYOT,P,8880,5430,5580,20230609,0072,72,72,971570,0072,0000,0730P,,K,F,471,46 STREET,,0,408,F2,,BBBBBBB,ALL,ALL,BLU,0,2021,-,0,,,,,
1484799471,KEYLOR,NY,PAS,06/19/2022,98,SUBN,,P,8030,5280,5430,20240110,0072,72,72,971570,0072,0000,0540P,,K,F,146,29 ST,,0,408,E2,,BBBBBBB,ALL,ALL,BLACK,0,2019,-,0,,,,,
1484799732,HNN6536,NY,PAS,06/22/2022,17,SUBN,TOYOT,P,8080,5430,73725,20231031,0072,72,72,971652,0072,0000,0837A,,K,F,182,30 ST,,0,408,C,,YYYYYBB,0700A,0400P,BLUE,0,2007,-,0,,,,,
1484799744,KXL6266,NY,PAS,06/22/2022,40,SDN,NISSA,P,9430,5430,5580,20240519,0072,72,72,971652,0072,0000,0920A,,K,F,413,57 ST,,0,408,C4,,BBBBBBB,ALL,ALL,BLUE,0,2014,-,0,,,,,
1484799951,KSC7942,NY,PAS,06/12/2022,48,SDN,TOYOT,P,5430,9130,9180,20231114,0072,72,72,969273,0072,0000,0110A,,K,F,5109,4 AVE,,0,408,F2,,BBBBBBB,ALL,ALL,BLK,0,2010,-,0,,,,,
1484803012,GXN7624,NY,PAS,06/11/2022,63,SUBN,FORD,U,10100,10565,73480,20230517,0069,69,835,632,0835,0000,1018P,,K,,,CANARSIE PIER,,0,408,F6,,BBBBBBB,ALL,ALL,GREY,0,2008,-,0,,,,,
1484803097,LSE7177,PA,PAS,06/23/2022,63,SUBN,BMW,U,10100,10565,73480,20220531,0069,69,835,632,0835,0000,1014P,,K,,,CANARSIE PIER LOT,,0,408,D,,BBBBBBB,ALL,ALL,WHITE,0,2017,-,0,,,,,
1478271358,GEK7010,MA,PAS,06/15/2022,98,SDN,TOYOT,K,13845,18640,18790,0,103,103,3,160390,0003,0000,1038A,,Q,F,,PHIL RIZZUTO PARK,,0,408,F2,,BBBBBBB,ALL,ALL,GREY,0,0,-,0,,,,,
1478282381,KLW9172,NY,PAS,06/20/2022,20,SUBN,ME/BE,K,30140,0,0,20230518,101,101,3,161045,0003,0000,1150A,,Q,O,125,BEACH 17TH ST,ROCKAWAY BEACH  PKIN,0,408,C,,BBBBBBB,ALL,ALL,BLK,0,2018,-,0,,,,,
1478289776,KWM7242,NY,PAS,07/02/2022,20,SDN,VOLVO,K,13235,0,0,20240504,110,110,3,160699,0003,0000,0417P,,Q,O,,FMCP,PITCH PUTT,0,408,C4,,BBBBBBB,ALL,ALL,WH,0,2013,-,0,,,,,
1478289788,KVR5635,NY,PAS,07/02/2022,20,SDN,NISSA,K,13235,0,0,20220804,110,110,3,160699,0003,0000,0452P,,Q,O,,FMCP,PITCH PUTT,0,408,F6,,BBBBBBB,ALL,ALL,BLUE,0,2017,-,0,,,,,
1478289806,GTK6061,NY,PAS,07/02/2022,20,SDN,MAZDA,K,13235,0,0,20220907,110,110,3,160629,0003,0000,0426P,,Q,O,,FMCP,PITCH PUTT,0,408,D,,BBBBBBB,ALL,ALL,BLK,0,2015,-,0,,,,,
1478289818,HRG1776,NY,PAS,07/02/2022,20,SUBN,HONDA,K,13235,0,0,20230423,110,110,3,160699,0003,0000,0439P,,Q,O,,FMCP,PITCH PUTT,0,408,D,,BBBBBBB,ALL,ALL,BLUE,0,2020,-,0,,,,,
1478289820,HUD2235,NY,PAS,07/02/2022,20,SUBN,CHEVR,K,13235,0,0,20230929,110,110,3,106699,0003,0000,0511P,,Q,O,,FMCP,LOT A,0,408,D,,BBBBBBB,ALL,ALL,WHITE,0,2016,-,0,,,,,
1478289880,J36NSR,NJ,PAS,07/02/2022,20,SDN,TOYOT,K,13235,0,0,20230488,110,110,3,160699,0003,0000,0524P,,Q,O,,FMCP,LOT 4 A,0,408,D,,BBBBBBB,ALL,ALL,GREY,0,0,-,0,,,,,
1478289909,KRM6169,NY,PAS,07/02/2022,20,SDN,HONDA,K,13235,0,0,20230824,110,110,3,160699,0003,0000,0550P,,Q,O,,FMCP,PITCH PUTT,0,408,D,,BBBBBBB,ALL,ALL,GREY,0,2017,-,0,,,,,
1478399934,MRIGGY,NY,PAS,06/16/2022,63,,KATI,K,29792,0,0,0,0020,20,1,161327,0001,0000,0842P,,NY,,,RIVERSIDE PARK,SOUTH W 60TH INSIDE,0,408,F2,,BBBBBBB,ALL,ALL,GRAY,0,0,-,0,,,,,
1478431179,KLW4461,NY,PAS,07/03/2022,14,SUBN,TOYOT,K,0,12025,0,20230410,0045,45,2,160592,0002,0000,0515P,,BX,F,10,HUTCHINSON RIVER PKW,FERRY POINT PARK,0,408,C,,BBBBBBB,ALL,ALL,WHITE,0,2018,-,0,,,,,
1478442918,HDM2454,NY,PAS,06/12/2022,62,SUBN,ACURA,1,67890,65590,27110,20210406,105,105,915,13914,0915,0000,0223A,,Q,O,80-45,WINCHESTER BLVD,,0,408,F1,,BBBBBBB,ALL,ALL,GY,0,2019,-,0,,,,,
1478442920,GVA4250,NY,PAS,06/06/2022,27,SUBN,NISSA,1,0,0,0,20230108,105,105,915,13914,0915,0000,1215P,,Q,F,79-25,WINCHESTER BLVD,BLDG 40,0,408,C,,BBBBBBB,ALL,ALL,GY,0,2016,-,0,,,,,
1478442967,HGM5621,NY,PAS,07/10/2022,70,SUBN,DODGE,X,67890,65590,27110,20220531,105,105,915,13914,0915,0000,0217A,,Q,O,80-45,WINCHESTER BLVD,,0,408,D3,,BBBBBBB,ALL,ALL,GY,0,2016,-,0,,,,,
1478495560,KVX4496,NY,PAS,06/24/2022,46,SDN,LEXUS,C,21125,24980,12550,20240504,0045,45,0,109579,CCPD,0000,0635P,,BX,F,920,COOP CITY BLVD,,0,408,E2,,BBBBBBB,ALL,ALL,SLV,0,2007,-,0,,,,,
1478500050,HVM1150,NY,PAS,06/22/2022,98,SDN,LEXUS,C,24810,23800,12550,20231001,0045,45,0,109383,CCPD,0000,1022A,,BX,,,S/O 140 DONIZETTI PL,,0,408,D,,BBBBBBB,ALL,ALL,SIL,0,2005,-,0,,,,,
1478500281,KKR2075,NY,PAS,06/19/2022,40,SDN,BMW,C,12600,12425,23800,20230427,0045,45,0,109971,CCPD,0000,0515A,,BX,F,126,BENCHLEY PLACE,,0,408,F2,,BBBBBBB,ALL,ALL,WT,0,2017,-,0,,,,,
1478504961,KPG4608,NY,PAS,06/25/2022,50,SUBN,HYUND,C,30430,23800,12550,20230611,0045,45,0,109973,CCPD,0000,0650P,,BX,F,100,ELGAR PLACE,,0,408,F1,,BBBBBBB,ALL,ALL,WHITE,0,2020,-,0,,,,,
1478504973,KLW3255,NY,PAS,06/26/2022,27,SDN,TOYOT,C,11140,9600,21125,20230419,0045,45,0,109973,CCPD,0000,1229P,,BX,F,2051,BARTOW AVE,,0,408,E5,,BBBBBBB,ALL,ALL,BLUE,0,2019,-,0,,,,,
1478510110,KFW6528,NY,PAS,07/06/2022,27,SDN,HONDA,C,11140,9600,21125,20221223,0045,45,0,109973,CCPD,0000,1046A,,BX,F,2051,BARTOW AVE,,0,408,D,,BBBBBBB,ALL,ALL,GREY,0,2015,-,0,,,,,
1478510122,JDG2992,NY,PAS,07/07/2022,27,SUBN,BMW,C,11140,9600,21125,20220326,0045,45,0,100212,COOP,0000,1159A,1150A,BX,F,2055,BARTOW AVENUE,,0,408,D3,,BBBBBBB,ALL,ALL,BLK,0,2023,-,0,,,,,
1478511023,G0096K,FL,PAS,06/18/2022,14,SUBN,JEEP,C,30430,23800,12550,20211231,0045,45,0,100224,COOP,0000,0301A,,BX,F,100,ELGAR PLACE,,0,408,E2,,BBBBBBB,ALL,ALL,WHITE,0,2018,-,0,,,,,
1478511059,HKN7525,NC,PAS,06/19/2022,98,P-U,CHEVR,C,24980,23980,12550,20210331,0045,45,0,100224,COOP,0000,0933A,,BX,F,150,DREISER LOOP,,0,408,C,,BBBBBBB,ALL,ALL,GREY,0,2004,-,0,,,,,
1478511606,KMV1867,NY,PAS,06/22/2022,67,SUBN,CHEVR,C,30430,12550,30370,20230928,0045,45,0,108009,COOP,0000,1035A,1000A,BX,O,140,ELGAR PLACE,,0,408,F2,,BBBBBBB,ALL,ALL,BLK,0,2008,-,0,,,,,
1478512076,KXB3720,NY,PAS,07/03/2022,27,SUBN,MITSU,C,11140,9600,21125,20230401,0045,45,0,100214,CCPD,0000,0823P,0810A,BX,F,2047,BARTOW AVE,,0,408,E2,,BBBBBBB,ALL,ALL,ORG,0,2022,-,0,,,,,
1478520772,GSM1138,NY,PAS,07/01/2022,19,SDN,NISSA,C,24980,23880,24050,20220703,0045,45,0,109997,CCPD,0000,0655P,,,O,129,DREISER LOOP,,0,408,D3,,YBBBBBB,ALL,ALL,BLK,0,2019,-,0,,,,,
1478520802,KGA4942,NY,PAS,06/09/2022,98,SUBN,ROVER,C,23380,40404,40404,20221015,0045,45,0,109752,CCPD,0000,1106P,,BX,F,99,DARROW PL,,0,408,D3,,BBBBBBB,ALL,ALL,BLK,0,2017,-,0,,,,,
1478520814,HXH7499,NY,PAS,06/08/2022,14,SDN,HONDA,C,23880,24980,23800,20220402,0045,45,0,109752,CCPD,0000,1103P,,BX,F,140,DEBS PL,,0,408,F2,,BBBBBBB,ALL,ALL,GY,0,2008,-,0,,,,,
1478522811,KTN2658,NY,PAS,04/29/2022,14,SDN,ST,C,30430,12550,30370,20231201,0045,45,0,100219,CCPD,0000,0650P,,BX,F,140,ELGAR PL,,0,408,D3,,BBBBBBB,ALL,ALL,RED,0,2020,-,0,,,,,
1478524674,JRY3473,NY,PAS,06/23/2022,67,SUBN,TOYOT,C,18400,18340,23800,20230917,0045,45,0,108828,CCPD,0000,0735P,,BX,O,120,CASALS PL,,0,408,E2,,BBBBBBB,ALL,ALL,SUILV,0,2013,-,0,,,,,
1478524698,GVG1685,NY,PAS,06/22/2022,19,SDN,TOYOT,C,24050,24980,23800,20230107,0045,45,0,108828,CCPD,0000,1021P,,BX,O,140,DEKRUIF PL,,0,408,F7,,BBBBBBB,ALL,ALL,BLK,0,2015,-,0,,,,,
1478525125,JKC6386,NY,PAS,06/11/2022,46,SUBN,NISSA,C,30430,12550,30370,20230617,0045,45,0,100223,CCPD,0000,0141P,,BX,F,120,ELGAR PL,,0,408,E2,,BBBBBBB,ALL,ALL,RED,0,2017,-,0,,,,,
1478525149,JRD1628,NY,PAS,06/23/2022,68,SDN,AUDI,C,11140,9600,21125,20240121,0045,45,0,100223,CCPD,0000,0331A,,BX,F,2057,BARTOW AVE,,0,408,F1,,BBBBBBB,ALL,ALL,BLU,0,2007,-,0,,,,,
1478525186,KLC4636,NY,PAS,06/26/2022,20,SDN,ACURA,C,0,40404,40404,20230404,0045,45,0,100223,CCPD,0000,1008A,,BX,F,120,DEKRIUF PL,,0,408,F1,,BBBBBBB,ALL,ALL,BLK,0,2021,-,0,,,,,
1478525216,KGY7497,PA,PAS,06/25/2022,46,SUBN,ME/BE,C,30430,12550,30370,0,0045,45,0,100223,CCPD,0000,1140A,,BX,F,140,ELGAR PL,,0,408,D,,BBBBBBB,ALL,ALL,BLK,0,0,-,0,,,,,
1478525228,KWR3628,NY,PAS,06/25/2022,46,SDN,FORD,C,30370,30430,41720,20240418,0045,45,0,100223,CCPD,0000,0110P,,BX,F,177,EINSTEIN LOOP SOUTH,,0,408,F1,,BBBBBBB,ALL,ALL,BEIGE,0,2009,-,0,,,,,
1478525769,KEK4008,NY,PAS,06/19/2022,40,SDN,INFIN,C,18400,18340,23800,20220928,0045,45,0,109971,CCPP,0000,0235A,,BX,O,100,CASALS PLACE,,0,408,D3,,BBBBBBB,ALL,ALL,WT,0,2007,-,0,,,,,
1478525782,H86NPK,NJ,PAS,06/20/2022,40,SDN,BMW,C,12600,12425,23800,0,0045,45,0,109971,CCPD,0000,0437A,,BX,F,120,BENCHLEY PLACE,,0,408,E2,,BBBBBBB,ALL,ALL,GREY,0,0,-,0,,,,,
1478525812,KMT6331,NY,PAS,06/20/2022,40,SUBN,RAM,C,21125,9600,12425,20230826,0045,45,0,109971,CCPD,0000,0448A,,BX,F,100,COOP CITY BLVD,,0,408,E2,,BBBBBBB,ALL,ALL,SILVE,0,2021,-,0,,,,,
1478525824,HMY4993,NY,PAS,06/20/2022,40,SUBN,SUBAR,C,7730,9600,23800,20230124,0045,45,0,109971,CCPD,0000,0456A,,BX,F,35,ADLER PLACE,,0,408,E2,,BBBBBBB,ALL,ALL,WT,0,2016,-,0,,,,,
1478526427,HKN7525,NC,PAS,06/19/2022,46,SUBN,CHEVR,C,24980,23980,12550,0,0045,45,0,108018,COOP,0000,0735A,,BX,F,150,DREISER LOOP,,0,408,E2,,BBBBBBB,ALL,ALL,GRY,0,0,-,0,,,,,
1478526439,KET5139,NY,PAS,06/21/2022,98,SDN,LEXUS,C,23380,40404,40404,20220915,0045,45,0,108018,COOP,0000,0057A,,BX,F,99,DARROW PL,,0,408,F1,,BBBBBBB,ALL,ALL,GRY,0,2004,-,0,,,,,
1478526671,HHC1817,NY,PAS,05/28/2022,40,SUBN,JEEP,C,0,40404,40404,20220601,0045,45,0,109978,CCPD,0000,0125A,,BX,F,140,DONZIETTI PLACE,,0,408,E2,,BBBBBBB,ALL,ALL,WHT,0,2021,-,0,,,,,
1478526816,KVT2855,NY,PAS,06/27/2022,67,SDN,HONDA,C,18400,18340,23800,20240302,0045,45,0,109970,CCPD,0000,0455A,,BX,,,S/O 120 CASALS PLACE,,0,408,J3,,BBBBBBB,ALL,ALL,BLK,0,2010,-,0,,,,,
1478526828,G0096K,FL,PAS,07/07/2022,53,SUBN,JEEP,C,31400,30370,12550,0,0045,45,0,109978,CCPD,0000,0515A,,BX,F,100,ERDMAN PLACE,,0,408,F7,,BBBBBBB,ALL,ALL,WHT,0,0,-,0,,,,,
1478527080,KVC1267,NY,PAS,06/21/2022,40,SUBN,MAZDA,C,25545,40404,40404,20231121,0045,45,0,107858,CCPD,0000,0135A,,BX,,,S/O 99 EARHART LANE,,0,408,F2,,BBBBBBB,ALL,ALL,BLUE,0,2018,-,2,,,,,
1478527092,KLV3985,NY,PAS,06/24/2022,14,SUBN,HYUND,C,0,40404,40404,20230412,0045,45,0,109977,CCPD,0000,0746A,,BX,O,99,BELLMANY LOOP,,0,408,C4,,BBBBBBB,ALL,ALL,RED,0,2021,-,0,,,,,
1478527110,KMT6331,NY,PAS,06/17/2022,40,SUBN,DODGE,C,21125,9600,12425,20230826,0045,45,0,107858,CCPD,0000,0100A,,BX,F,100,COOP CITY BLVD,,0,408,E2,,BBBBBBB,ALL,ALL,GRAY,0,2021,-,0,,,,,
1478529842,KDF5816,NY,PAS,06/20/2022,98,SUBN,HONDA,C,9600,21125,7730,20220818,0045,45,0,107364,CCPD,0000,0926A,,,F,140,ASCH LOOP,,0,408,E2,,BBBBBBB,ALL,ALL,GRAY,0,2003,-,0,,,,,
1478530066,G0096K,FL,PAS,06/21/2022,14,SUBN,JEEP,C,30430,23800,12550,0,0045,45,0,107725,CCPD,0000,0855P,,BX,F,100,ELGAR,,0,408,F2,,BBBBBBB,ALL,ALL,BLACK,0,0,-,0,,,,,
1478530078,G0096K,FL,PAS,06/21/2022,53,SUBN,JEEP,C,30430,23800,12550,0,0045,45,0,107725,CCPD,0000,0855P,,BX,F,,F/O 100 ELGAR PL,,0,408,C,,BBBBBBB,ALL,ALL,WHITE,0,0,-,0,,,,,
1478530248,KPH4508,NY,PAS,07/04/2022,14,SUBN,HYUND,C,23980,12550,12550,20230630,0045,45,0,108018,COOP,0000,0241A,,BX,F,18 A,DEFOE PL,,0,408,E2,,BBBBBBB,ALL,ALL,BLK,0,2022,-,0,,,,,
1478530250,KVG4108,NY,PAS,07/04/2022,40,SDN,HONDA,C,24050,24980,23800,20240502,0045,45,0,108018,COOP,0000,0311A,,BX,F,120,DE KRUIF PL,,0,408,C,,BBBBBBB,ALL,ALL,GRY,0,2021,-,0,,,,,
1478530285,JVJ7346,PA,PAS,07/06/2022,14,SDN,ACURA,C,31400,30370,12550,0,0045,45,0,108018,COOP,0000,0151A,,BX,F,100,ERDMAN PL,,0,408,F1,,BBBBBBB,ALL,ALL,GRY,0,0,-,0,,,,,
1478530390,GYS1468,NY,PAS,06/21/2022,46,SDN,NISSA,C,24980,12550,23880,20230914,0045,45,0,108018,COOP,0000,0142A,,BX,F,120,DREISER LOOP,,0,408,F6,,BBBBBBB,ALL,ALL,GRY,0,2016,-,0,,,,,
1478530418,KPV7686,NY,PAS,06/21/2022,14,SUBN,TOYOT,C,23880,24980,23800,20230702,0045,45,0,108018,COOP,0000,0313A,,BX,F,11A,DEBS PL,,0,408,C,,BBBBBBB,ALL,ALL,BLU,0,2010,-,0,,,,,
1478530431,KVF5293,NY,PAS,07/04/2022,14,SDN,NISSA,C,23880,24980,23800,20240201,0045,45,0,108018,COOP,0000,0159A,,BX,F,140,DEBS PL,,0,408,C,,BBBBBBB,ALL,ALL,GRY,0,2020,-,0,,,,,
1478530443,JBN6995,NY,PAS,06/26/2022,98,SDN,ACURA,C,9600,21125,7730,20221125,0045,45,0,109971,CCPD,0000,0515A,,BX,F,140,ASCH LOOP,,0,408,C,,BBBBBBB,ALL,ALL,BLK,0,2015,-,0,,,,,
1478530467,KPR2840,NY,PAS,06/26/2022,71,SDN,HONDA,C,30430,23800,12550,0,0045,45,0,109971,CCPD,0000,0122P,,BX,F,100,ELGAR PLACE,,0,408,F2,,BBBBBBB,ALL,ALL,RED,0,2009,-,0,,,,,
1478530479,KPR2840,NY,PAS,06/26/2022,70,SDN,HONDA,C,30430,23800,12550,0,0045,45,0,109971,CCPD,0000,0122P,,BX,F,100,ELGAR PLACE,,0,408,J6,,BBBBBBB,ALL,ALL,RED,0,2009,-,0,,,,,
1478530480,KPR2840,NY,PAS,06/26/2022,74,SDN,HONDA,C,30430,23800,12550,0,0045,45,0,109971,CCPD,0000,0122P,,BX,F,100,ELGAR PLACE,,0,408,J3,,BBBBBBB,ALL,ALL,RED,0,2009,-,0,,,,,
1478530730,JMK8357,NY,PAS,06/30/2022,67,SDN,VOLKS,C,18400,18340,23800,20240102,0045,45,0,109982,CCPD,0000,0920P,,BX,F,120,CASALS PL,,0,408,E2,,BBBBBBB,ALL,ALL,RED,0,2008,-,0,,,,,
1478530741,HSM2802,NY,PAS,06/21/2022,14,SUBN,KIA,C,30430,12550,30370,20230611,0045,45,0,109966,CCPD,0000,0211A,,BX,F,120,ELGAR PLACE,,0,408,F2,,BBBBBBB,ALL,ALL,GY,0,2018,-,0,,,,,
1478530753,KLT4884,NY,PAS,06/19/2022,40,P-U,NISSA,C,0,40404,40404,20230513,0045,45,0,109966,CCPD,0000,0212A,,BX,F,4160,HUTCHINSON RIVER PWK,,0,408,C,,BBBBBBB,ALL,ALL,RED,0,1995,-,0,,,,,
1478530765,KXS2929,NY,PAS,06/20/2022,40,SUBN,MAZDA,C,30430,12550,30370,20220711,0045,45,0,109966,CCPD,0000,0148A,,,O,140,ELGAR PL,,0,408,E2,,BBBBBBB,ALL,ALL,BLK,0,2019,-,0,,,,,
1478530777,KNF6409,NY,PAS,06/21/2022,40,SDN,BMW,C,30430,23800,12550,20230608,0045,45,0,109966,CCPD,0000,0104A,,BX,F,100,ELGAR PL,,0,408,E2,,BBBBBBB,ALL,ALL,BLK,0,2017,-,0,,,,,
1478531009,H86NPK,NJ,PAS,06/02/2022,40,SDN,BMW,C,12600,12425,23800,0,0045,45,0,100309,COOP,0000,0559A,,BX,O,100,BENCHLEY PL,,0,408,E2,,BBBBBBB,ALL,ALL,GRY,0,0,-,0,,,,,
1478531060,KXC7719,NY,PAS,06/01/2022,19,SUBN,JEEP,C,30370,12550,30430,20220709,0045,45,0,109752,CCPD,0000,0722P,,BX,F,141,EINSTEIN LOOP,,0,408,E2,,BBBBBBB,ALL,ALL,BLK,0,2019,-,0,,,,,
1478531095,HXH7499,NY,PAS,06/08/2022,70,SDN,HONDA,C,23880,24980,23800,20220402,0045,45,0,109752,CCPD,0000,1101P,,BX,F,140,DEBS PL,,0,408,F1,,BBBBBBB,ALL,ALL,GY,0,2008,-,0,,,,,
1478531101,HXH7499,NY,PAS,06/08/2022,71,SDN,HONDA,C,23880,24980,23800,20220402,0045,45,0,109752,CCPD,0000,1102P,,BX,F,140,DEBS PL,,0,408,J3,,BBBBBBB,ALL,ALL,GY,0,2008,-,0,,,,,
1478531137,LPW1758,PA,PAS,06/18/2022,46,SDN,BMW,C,31400,30370,12550,0,0045,45,0,109752,CCPD,0000,0204P,,BX,F,100,ERDMAN PL,,0,408,E2,,BBBBBBB,ALL,ALL,BLU,0,0,-,0,,,,,
1478531162,JGH3960,NY,PAS,06/22/2022,20,SDN,HONDA,C,23880,23800,0,20230217,0045,45,0,109752,CCPD,0000,0614P,,BX,F,18A,DEBS PL,CUL DE SAC,0,408,D,,BBBBBBB,ALL,ALL,WHT,0,2018,-,0,,,,,
1478531186,KNX5158,NY,OMS,06/22/2022,14,,DODGE,C,23880,23800,0,20230930,0045,45,0,109752,CCPD,0000,0620P,,BX,F,17A,DEBS PL,CUL DE SAC,0,408,D,,BBBBBBB,ALL,ALL,RED,0,2022,-,0,,,,,
1478531198,KSJ1604,NY,PAS,06/22/2022,14,SDN,ME/BE,C,23880,23800,0,20230912,0045,45,0,109752,CCPD,0000,0624P,,BX,F,140,DEBS PL,CUL DE SAC,0,408,C,,BBBBBBB,ALL,ALL,BLK,0,2018,-,0,,,,,
1478531204,KFD7376,NY,PAS,06/22/2022,14,SDN,ACURA,C,23880,23800,0,20220729,0045,45,0,109752,CCPD,0000,0618P,,BX,F,140,DEBS PL,CUL DE SAC,0,408,C,,BBBBBBB,ALL,ALL,BLK,0,2014,-,0,,,,,
1478531228,KNB6689,NY,PAS,06/30/2022,40,SUBN,FORD,C,0,40404,40404,20230707,0045,45,0,109752,CCPD,0000,0847P,,BX,F,4180,HUTCHINSON R PKWAY,,0,408,E2,,BBBBBBB,ALL,ALL,SIL,0,2018,-,0,,,,,
1478531230,KEH4101,NY,PAS,07/01/2022,14,SDN,ME/BE,C,18400,18340,23800,20220820,0045,45,0,109752,CCPD,0000,0643P,,BX,F,140,CASALS PL,,0,408,F7,,BBBBBBB,ALL,ALL,BLK,0,2016,-,0,,,,,
1478531472,KF5293,NY,PAS,06/21/2022,14,,NISSA,C,23880,24980,23800,20220629,0045,45,0,100309,COOP,0000,0209A,,,F,140,DEBS PL,,0,408,C,,BBBBBBB,ALL,ALL,GRY,0,2020,-,0,,,,,
1478531599,GOO96K,FL,PAS,06/08/2022,14,SUBN,JEEP,C,31400,30370,12550,0,0045,45,0,100309,COOP,0000,0240A,,BX,F,100,ERDMAN PL,,0,408,E2,,BBBBBBB,ALL,ALL,WHT,0,0,-,0,,,,,
1478531794,KOJOB,NY,PAS,06/26/2022,46,SUBN,BMW,C,30430,12550,30370,20230204,0045,45,0,100221,CCPD,0000,0610P,,,F,120,ELGAR PL,,0,408,E2,,BBBBBBB,ALL,ALL,BLK,0,2018,-,0,,,,,
1478531848,KLC4636,NY,PAS,06/16/2022,46,SDN,ACURA,C,0,0,0,20230404,0045,45,0,100213,CCPD,0000,0840P,,BX,O,100,DCKRUIF PL,,0,408,C,,BBBBBBB,ALL,ALL,BLK,0,2021,-,0,,,,,
1478531850,KLC4636,NY,PAS,06/17/2022,46,SDN,ACURA,C,0,0,0,20230404,0045,45,0,100213,CCPD,0000,0530P,,BX,O,100,DCKRUIF PL,,0,408,F1,,BBBBBBB,ALL,ALL,BLK,0,2021,-,0,,,,,
1478531885,JLF3913,NY,PAS,06/18/2022,27,SUBN,ROVER,C,11140,9600,21125,20220711,0045,45,0,100213,CCPD,0000,0600P,,BX,F,2045,BARTOW AVE,,0,408,D3,,BBBBBBB,ALL,ALL,GRY,0,2015,-,0,,,,,
1478532040,JJA9807,NY,PAS,07/01/2022,40,SUBN,JEEP,C,0,40404,40404,20130625,0045,45,0,100309,COOP,0000,0119A,,BX,O,135,EINSTEIN LP,,0,408,C,,BBBBBBB,ALL,ALL,WH,0,2019,-,0,,,,,
1478532051,KKX3584,NY,PAS,07/04/2022,19,SDN,HYUND,C,24050,24980,23800,20230308,0045,45,0,100309,COOP,0000,0249A,,BX,O,140,DE KRUIF PL,,0,408,E2,,BBBBBBB,ALL,ALL,BLU,0,2020,-,0,,,,,
1478532075,JHF5032,NY,PAS,07/04/2022,46,,HYUND,C,24050,24980,23800,20231008,0045,45,0,100309,COOP,0000,0329A,,BX,F,100,DE KRUIF PL,,0,408,C3,,BBBBBBB,ALL,ALL,BLU,0,2012,-,0,,,,,
1478532087,G0096K,FL,PAS,07/01/2022,14,SUBN,JEEP,C,31400,30370,12550,0,0045,45,0,100309,COOP,0000,0305A,,BX,F,100,ERDMAN PL,,0,408,F1,,BBBBBBB,ALL,ALL,WH,0,2017,-,0,,,,,
1478532105,HSD2819,NY,PAS,07/04/2022,14,SUBN,ME/BE,C,23880,24980,23800,20230828,0045,45,0,100309,COOP,0000,0115A,,BX,F,140,DEBS PL,,0,408,C3,,BBBBBBB,ALL,ALL,BLU,0,2020,-,0,,,,,
1478532117,JLM2562,PA,PAS,07/05/2022,46,,ACURA,C,30430,12550,30370,0,0045,45,0,100309,COOP,0000,0245A,,BX,F,140,ELGAR PL,,0,408,C,,BBBBBBB,ALL,ALL,BLU,0,0,-,0,,,,,
1478532129,G0096K,FL,PAS,07/05/2022,14,SUBN,JEEP,C,31400,30370,12550,20211231,0045,45,0,100309,COOP,0000,0306A,,BX,F,100,ERDMAN PL,,0,408,F1,,BBBBBBB,ALL,ALL,WHT,0,2017,-,0,,,,,
1478532130,KEW8063,NY,PAS,07/05/2022,19,SDN,TOYOT,C,25545,40404,40404,20221130,0045,45,0,100309,COOP,0000,0333A,,BX,O,99,EARHART LN,,0,408,C,,BBBBBBB,ALL,ALL,GRY,0,2008,-,0,,,,,
1478532142,JDVL66,FL,PAS,07/05/2022,40,SDN,INTER,C,23880,24980,23800,20211231,0045,45,0,100309,COOP,0000,0605A,,BX,O,140,DEBS PL,,0,408,C3,,BBBBBBB,ALL,ALL,BRN,0,0,-,0,,,,,
1478532180,G0096K,FL,PAS,06/24/2022,14,SUBN,JEEP,C,30430,12550,30370,20211231,0045,45,0,100309,COOP,0000,0422A,,BX,F,120,ELGAR PL,,0,408,E2,,BBBBBBB,ALL,ALL,WHT,0,2017,-,0,,,,,
1478532191,JRS2850,NY,PAS,06/24/2022,46,SDN,HONDA,C,31400,30370,12550,20240518,0045,45,0,100309,COOP,0000,0355A,,BX,F,100,ERDMAN PL,,0,408,C,,BBBBBBB,ALL,ALL,BLK,0,2021,-,0,,,,,
1478532208,HER7040,NY,PAS,06/24/2022,14,SDN,TOYOT,C,25545,40404,40404,20240322,0045,45,0,100309,COOP,0000,0325A,,BX,O,99,EARHART LN,,0,408,F1,,BBBBBBB,ALL,ALL,RED,0,2014,-,0,,,,,
1478532210,MLUXXURY,NY,PAS,06/24/2022,40,SUBN,CA/TR,C,25545,40404,40404,20220831,0045,45,0,100309,COOP,0000,0305A,,BX,O,99,EARHART LN,,0,408,C,,BBBBBBB,ALL,ALL,BLK,0,2022,-,0,,,,,
1478532221,KSJ3686,NY,PAS,06/21/2022,14,SUBN,HONDA,C,23880,24980,23800,20220625,0045,45,0,100309,COOP,0000,0258A,,BX,F,10A,DEBS PL,,0,408,E2,,BBBBBBB,ALL,ALL,GRY,0,2018,-,0,,,,,
1478654077,JPH5477,99,PAS,06/19/2022,98,SDN,,P,7230,10730,10780,20231230,0062,62,62,952393,0062,0000,0817A,,K,,8303,21 AVE,,0,408,F1,,BBBBBBB,ALL,ALL,GY,0,2020,-,0,,,,,
1478654090,KHE2930,NY,PAS,06/19/2022,40,P-U,RAM,P,15980,19030,15780,20221231,0062,62,62,952393,0062,0000,1156A,,K,O,97,BAY 7 ST,,0,408,F2,,BBBBBBB,ALL,ALL,WHITE,0,2021,-,0,,,,,
1478654120,KWT6177,NY,PAS,06/19/2022,98,SDN,ACURA,P,16180,10880,19030,20240612,0062,62,62,952393,0062,0000,1215P,,K,F,48,BAY 13 ST,,0,408,E2,,BBBBBBB,ALL,ALL,BLK,0,2010,-,0,,,,,
1478687137,HDN889,UT,PAS,05/11/2022,40,SDN,FORD,M,17830,27790,16320,0,0014,14,968,267107,0968,0000,0442P,,NY,F,105,E 42ND ST,,0,408,C4,,BBBBBBB,ALL,ALL,GRAY,0,0,-,0,,,,,
1478688580,H10532,NY,PAS,04/01/2022,14,SUBN,HONDA,M,27790,19450,19470,20231004,0025,25,968,274474,0968,0000,1115A,,NY,F,1825,PARK AVE,,0,408,D1,,BBBBBBB,ALL,ALL,GY,0,2011,-,0,,,,,
1478689808,KSX5809,99,PAS,06/16/2022,17,SUBN,TOYOT,M,17870,25390,32670,20231031,0014,14,968,267107,0968,0000,0250P,,NY,F,49,E 44TH ST,,0,408,D5,,BBBBBBB,ALL,ALL,GRY,0,2020,-,0,,,,,
1478690227,KKA5108,NY,PAS,07/10/2022,51,SDN,BMW,M,28265,58590,23940,20230209,103,103,968,161722,0968,0000,0915A,,Q,O,158-11,ARCHER AVE,,0,408,C3,,BBBBBBB,ALL,ALL,,0,0,-,0,,,,,
1478694786,JKY7800,NY,PAS,06/24/2022,20,SUBN,JEEP,M,0,0,0,20231002,0025,25,968,274490,0968,0000,0730A,,NY,,,C/O 125 ST,PARK AVE,0,408,C3,,BBBBBBB,ALL,ALL,GREEN,0,0,-,0,,,,,
1478724869,KTV5018,NY,PAS,06/15/2022,14,SDN,NISSA,M,34390,10610,10810,20240112,0014,14,968,103624,0968,0000,0957P,,NY,F,220,WEST 31ST STREET,,0,408,C3,,BBBBBBB,ALL,ALL,RED,0,2021,-,0,,,,,
1478725000,KTD3580,NY,PAS,05/29/2022,40,SDN,CHEVR,M,18040,23490,37830,20231205,108,108,968,253064,0968,0000,0453A,0453A,Q,,153-10,89TH AVE,,0,408,D5,,BBBBBBB,ALL,ALL,BK,0,2012,-,0,,,,,
1478725898,GLJ6203,NY,PAS,07/01/2022,14,,HONDA,M,27790,19450,0,20240219,0025,25,968,265952,0968,0000,1044A,1044A,NY,,,PARK AVE,E 125 ST,0,408,E2,,BBBBBBB,ALL,ALL,,0,0,-,0,,,,,
1479404226,KGE9433,NY,PAS,06/23/2022,71,SDN,NISSA,P,0,0,0,20221012,0063,63,0,355151,BSTE,0000,0202A,,K,,,W/S E 59TH ST,S/O GLENWOOD RD,0,408,J6,,BBBBBBB,ALL,ALL,BLK,0,2011,-,0,,,,,
1479404317,KRH0756,PA,PAS,06/23/2022,21,SDN,LINCO,P,0,0,0,0,0069,69,0,355151,BSTE,0000,0133A,,K,,,W/S E 80 ST,N/O FOSTER AVE,0,408,D1,,YBBYBBB,1200A,0300A,WH,0,0,-,0,,,,,
1479405917,KTX9202,NY,PAS,06/23/2022,14,SDN,KIA,P,36380,40404,40404,20240303,0067,67,0,355147,BSTE,0000,0305A,,K,,,E/O E 35 ST,,0,408,E2,,BBBBBBB,ALL,ALL,BLUE,0,2014,-,0,,,,,
1479519996,KKC3044,NY,PAS,06/23/2022,21,SUBN,VOLVO,T,0,0,0,20230125,0005,5,0,355323,NSTE,0000,1110A,,NY,,,S/ MARKET,E MONROE,0,408,K2,,YBBYBBB,1100A,1230P,GY,0,2004,-,0,,,,,
1479520007,KYB8376,NY,PAS,06/23/2022,21,,HONDA,T,26390,14310,25890,20240608,0005,5,0,355323,NSTE,0000,1127A,,NY,F,1,MONROE ST,,0,408,D1,,YBBYBBB,1100A,1230P,BK,0,2019,-,0,,,,,
1479590174,KHA8108,NY,PAS,07/01/2022,46,SDN,NISSA,P,28830,22330,67047,20230124,0060,60,60,955512,0060,0000,0454P,,K,F,3161,CONEY ISLAND AVE,,0,408,F1,,BBBBBBB,ALL,ALL,WHITE,0,2013,-,0,,,,,
1253021648,LKY7881,PA,PAS,06/14/2022,19,SDN,FORD,M,0,0,0,20220731,103,103,968,271576,0968,0000,0128P,0127P,Q,F,,SUPHIN BLVD,E ARCHER AVE,0,408,C,,BBBBBBB,ALL,ALL,BLUE,0,2010,-,0,,,,,
1282002934,KHD9344,NY,PAS,06/16/2022,14,SDN,VOLKS,X,34570,10810,10910,20230322,0014,14,0,52270,PABT,0000,0549P,0530P,NY,O,350,W 40 ST,,0,408,C,,BBBBBBB,ALL,ALL,BL,0,2010,-,0,,,,,
1307574646,JNK5201,NY,PAS,07/02/2022,51,SDN,LEXUS,P,61090,21690,62250,20240121,110,110,114,939911,0114,0000,0322P,,Q,F,126-01,ROOSEVELT AVE,,0,408,C3,,BBBBBBB,ALL,ALL,TAN,0,2004,-,0,,,,,
1307575810,KWF8338,NY,PAS,06/09/2022,20,SDN,NISSA,P,21690,8590,8690,20240403,110,110,110,963177,0110,0000,0208P,,Q,F,35-01,126 ST,,0,408,D,,BBBBBBB,ALL,ALL,BLUE,0,2020,-,0,,,,,
1307575845,JLG3449,NY,PAS,06/20/2022,51,SUBN,GMC,P,0,0,0,20231118,110,110,110,969119,0110,0000,0210P,,Q,O,,BOAT BASIN,SHEA REAF,0,408,F1,,BBBBBBB,ALL,ALL,BLACK,0,2020,-,0,,,,,
1307575882,GNT2987,NY,PAS,06/10/2022,14,SDN,CHEVR,P,0,0,0,20220930,110,110,44,962306,0044,0000,0130P,,Q,,,ORLEA RD,BOAT BASIN PL,0,408,C,,BBBBBBB,ALL,ALL,WHT,0,2020,-,0,,,,,
1307576400,KFS2660,NY,PAS,06/10/2022,20,SDN,ACURA,P,0,40404,40404,20220924,110,110,114,939911,0114,0000,1224P,,Q,O,41,SEAVER WAY,,0,408,E3,,BBBBBBB,ALL,ALL,WH,0,2020,-,0,,,,,
1307576424,JLV2468,NY,PAS,06/10/2022,46,VAN,NISSA,P,21690,35780,64890,20230929,110,110,114,939911,0114,0000,1040A,,Q,F,126-02,126 ST,,0,408,D,,BBBBBBB,ALL,ALL,GR,0,1998,-,0,,,,,
1307576473,HTY3655,NY,PAS,06/09/2022,20,SDN,,P,21640,40404,40404,20231017,110,110,110,963177,0110,0000,0225P,,Q,F,35-01,125 ST,,0,408,E3,,BBBBBBB,ALL,ALL,RED,0,0,-,0,,,,,
1307576539,HJP6180,NY,PAS,06/01/2022,51,SUBN,BMW,P,0,40404,40404,20220726,110,110,114,939911,0114,0000,1148A,,Q,F,41,SEAVER WAY,,0,408,E3,,BBBBBBB,ALL,ALL,GY,0,2005,-,0,,,,,
1334846881,KTL4896,99,PAS,06/08/2022,68,SUBN,HONDA,P,0,40404,40404,20230312,0023,23,976,100770,0976,0000,0815A,,NY,F,1901,1 ST AVE,,0,408,A1,,BBBBBBB,ALL,ALL,GREY,0,2007,-,0,,,,,
1334847009,K38PVG,NJ,PAS,06/13/2022,68,SUBN,VOLKS,P,10010,18910,18950,0,0023,23,976,101820,0976,0000,0230P,,NY,F,1901,FIRST AVE,,0,408,D5,,BBBBBBB,ALL,ALL,BLUE,0,0,   -,0,,,,,
1344834978,KWS4784,NY,PAS,07/01/2022,20,SDN,CHEVR,B,0,0,0,0,109,109,0,570968,0BWB,0000,1142P,,Q,F,,N/S 3RD AVE,WHITESTONE EXPRESSWA,0,408,F1,,BBBBBBB,ALL,ALL,WH,0,2008,-,0,,,,,
1366285700,KLK2393,NY,PAS,06/27/2022,99,FREI,,P,59275,42950,35780,20230506,107,107,107,955477,0107,0000,1043P,2200A,Q,F,196-19,POMPEII AVE,,20220626,408,99,,BBBBBBB,ALL,ALL,,0,0,-,0,,,,,
1366285712,KNN8022,99,PAS,06/27/2022,40,SDN,MERCU,P,45390,39300,39250,20240602,107,107,107,955477,0107,0000,1056P,,Q,F,193-27,FOOTHILL AVE,,0,408,99,,BBBBBBB,ALL,ALL,GRY,0,2014,-,0,,,,,
1372162562,KVN1502,NY,PAS,07/05/2022,40,SDN,NISSA,P,20190,19590,53790,20240126,106,106,106,928492,0106,0000,0220A,,Q,F,103-44,108 ST,,0,408,E2,,BBBBBBB,ALL,ALL,GREY,0,2003,-,0,,,,,
1372162598,JEV5409,NY,PAS,07/02/2022,46,SUBN,CHRYS,P,16590,23390,23590,20221126,106,106,106,928492,0106,0000,0155A,,,F,153-23,80 ST,,0,408,K6,,BBBBBBB,ALL,ALL,BLUE,0,2007,-,0,,,,,
1372828035,KLF2827,NY,PAS,06/14/2022,14,SDN,ME/BE,P,10210,18930,18950,20230426,0023,23,580,948898,0580,0000,0900A,,NY,F,1782,3RD AVE,,0,408,D,,BBBBBBB,ALL,ALL,GY,0,2013,-,0,,,,,
1403467183,KLF2160,NY,PAS,07/05/2022,71,SUBN,,P,77030,10920,38190,20230415,0069,69,801,951126,0801,0000,0744P,,K,F,5955,SHORE PKWY,,0,408,E5,,BBBBBBB,ALL,ALL,GREY,0,2008,-,0,,,,,
1403551509,JFP6378,NC,PAS,06/09/2022,40,SDN,HONDA,P,28280,35450,23750,20221015,120,120,120,968044,0120,0000,1145A,,R,F,257,FILLMORE ST,,0,408,E2,,BBBBBBB,ALL,ALL,WHT,0,2021,-,0,,,,,
1408213977,KPR2681,NY,PAS,07/03/2022,46,,HONDA,P,0,40404,40404,20230928,0048,48,138,940354,0138,0000,0102A,1256A,BX,O,2114,BELMONT PL,,0,408,F1,,BBBBBBB,ALL,ALL,,0,0,-,0,,,,,
1411069651,KSJ3157,NY,PAS,06/13/2022,40,SDN,NISSA,P,0,0,0,20231018,0048,48,138,950977,0138,0000,1159A,,BX,,,C/O E 179,MOHEGAN AVE,0,408,F2,,BBBBBBB,ALL,ALL,SILVE,0,2007,-,0,,,,,
1411069663,LWB4467,PA,PAS,06/17/2022,46,SDN,HONDA,P,55220,74370,0,0,0047,47,138,950977,0138,0000,1236P,,BX,,,OGDEN AVE,W 171 ST,0,408,E2,,BBBBBBB,ALL,ALL,BLUE,0,0,-,0,,,,,
1412739883,GVS8377,NY,PAS,06/24/2022,46,SUBN,GMC,P,64220,40404,40404,20221225,0043,43,808,958360,0808,0000,0911P,,BX,F,723,SEWARD AVE,,0,408,C4,,BBBBBBB,ALL,ALL,BLACK,0,2015,-,0,,,,,
1412740010,HVF2193,NY,PAS,06/24/2022,46,SUBN,ACURA,P,64220,40404,40404,20231015,0043,43,808,958360,0808,0000,0919P,,BX,F,719,SEWARD AVE,,0,408,F1,,BBBBBBB,ALL,ALL,WHITE,0,2004,-,0,,,,,
1413271753,LXE4875,PA,PAS,05/06/2022,17,SDN,,W,59330,58330,44930,0,0090,90,1,825541,0001,0000,1219P,,K,F,151,MAUJER ST,,0,408,C4,,BBBBBBB,0800A,0400P,,0,0,-,0,,,,,
1413271790,GKF2501,NY,PAS,05/03/2022,17,SUBN,HONDA,W,59330,58330,44930,20230828,0090,90,1,825541,0001,0000,0144A,,K,F,151,MAUJER ST,,0,408,C4,,YYYYYBB,0800A,0400P,GRAY,0,2005,-,0,,,,,
1414328084,KST6089,NY,PAS,06/26/2022,53,SUBN,ACURA,K,0,0,0,20240109,122,122,5,168170,0005,0000,0426P,,R,,,SMITH BROWN,LOT Z,0,408,D,,BBBBBBB,ALL,ALL,SIL,0,2022,-,0,,,,,
1414328096,KMG1797,NY,999,06/26/2022,53,SDN,TOYOT,K,48502,0,0,0,122,122,5,160110,0005,0000,0438P,,R,,,SOUTH BEACH,LOT 2,0,408,E7,,BBBBBBB,ALL,ALL,WHT,0,0,-,0,,,,,
1418339544,KXM1513,NY,999,07/04/2022,98,SDN,HONDA,P,40620,40404,40404,0,0049,49,47,982861,0047,0000,0915A,,BX,,3504,HONE,,0,408,E2,,BBBBBBB,ALL,ALL,SIL,0,0,-,0,,,,,
1418339556,KLE5661,NY,999,07/04/2022,98,SDN,DODGE,P,40620,40404,40404,0,0047,47,47,942899,0047,0000,0711P,,BX,F,3521,HONE AVE,,0,408,F2,,BBBBBBB,ALL,ALL,,0,0,-,0,,,,,
1419326065,JBB4899,NY,PAS,07/01/2022,67,SDN,MERCU,P,13880,36080,36130,20220927,0067,67,67,957766,0067,0000,0948P,,K,F,2808,AVE D,,0,408,E2,,BBBBBBB,ALL,ALL,GY,0,2008,-,0,,,,,
1422792377,JGG3719,NY,PAS,06/19/2022,46,SDN,ACURA,P,0,0,0,20230307,0043,43,43,954151,0043,0000,0545P,,BX,F,,175RD ST,SHERIDAN BLVD,0,408,J6,,BBBBBBB,ALL,ALL,WHITE,0,2016,-,0,,,,,
1424921442,MD93858,NY,PAS,06/27/2022,98,SDN,BMW,P,17690,23140,23290,20231201,107,107,107,963633,0107,0000,1000P,,Q,F,148-45,87 RD,,0,408,K6,,BBBBBBB,ALL,ALL,,0,0,-,0,,,,,
1425871859,GKZ4808,NY,PAS,07/09/2022,40,SUBN,TOYOT,P,27330,41320,12520,20231017,0048,48,48,962940,0048,0000,0130A,0125A,BX,F,625,E 189 ST,,0,408,I3,,YYYYYYY,1200A,1200A,WHITE,0,2019,-,0,,,,,
1425951648,HOL9069,99,PAS,06/21/2022,17,SDN,NISSA,P,62720,27090,27120,0,0046,46,40,961916,0040,0000,0656P,,,F,2180,RYER,,0,408,F2,,BBBBBBB,ALL,ALL,SILVE,0,0,-,0,,,,,
1425965556,KLZ7742,NY,PAS,07/06/2022,40,SUBN,TOYOT,P,0,0,0,20220912,0004,4,163,955517,0163,0000,0713P,,BX,F,1181,NELSON AVE,,0,408,E3,,BBBBBBB,ALL,ALL,RED,0,2004,-,0,,,,,
1425965568,KMU8755,NY,PAS,07/05/2022,40,SUBN,DODGE,P,0,0,0,20240505,0044,44,163,715517,0163,0000,0521P,,BX,F,,W 170 STT,185,0,408,F1,,BBBBBBB,ALL,ALL,RED,0,2013,-,0,,,,,
1425965581,KVT5629,NY,PAS,07/02/2022,40,SUBN,HONDA,P,78550,40404,40404,20240428,0044,44,163,955517,0163,0000,0449P,,BX,O,55,WOODYCREST AVE,,0,408,E2,,BBBBBBB,ALL,ALL,BLUE,0,2010,-,4,,,,,
1426446378,KMJ1564,NY,PAS,07/02/2022,46,SDN,TOYOT,P,10010,17110,17130,20230602,0009,9,9,972920,0009,0000,0628P,,,O,108,1 AVE,,0,408,F1,,BBBBBBB,ALL,ALL,GOLD,0,2003,-,0,,,,,
1426448430,LXP9370,PA,PAS,06/21/2022,46,SDN,NISSA,P,17250,12310,12410,20221201,0009,9,9,963966,0009,0000,1050P,,NY,F,710,E 13TH ST,,0,408,C3,,BBBBBBB,ALL,ALL,BLUE,0,0,-,0,,,,,
1426449896,KMG9790,NY,PAS,06/30/2022,40,,CHEVR,P,17170,10010,12110,20230603,0009,9,9,959043,0009,0000,0236P,,NY,F,421,E 9 ST,,0,408,E9,,BBBBBBB,ALL,ALL,,0,0,-,0,,,,,
1426450400,HGE6144,NY,PAS,06/30/2022,48,SUBN,HONDA,P,12310,17170,17190,20220705,0009,9,9,945570,0009,0000,0655A,,NY,F,159,AVE C,,0,408,E9,,BBBBBBB,ALL,ALL,RED,0,0,-,0,,,,,
1427034072,KPH6765,NY,PAS,05/27/2022,14,,HONDA,P,34350,10510,10610,20230710,0014,14,401,927337,0401,0000,1035A,,NY,F,102,W 29 ST,,0,408,I3,,BBBBBBB,ALL,ALL,,0,0,-,0,,,,,
1427034084,GXV2079,NY,PAS,05/27/2022,31,,VOLKS,P,34350,10510,10610,20230629,0014,14,401,927337,0401,0000,1037A,,NY,F,104,W 29 ST,,0,408,C,,YYYYYBB,0700A,0700P,,0,0,-,0,,,,,
1427034096,KMA8548,NY,PAS,05/27/2022,31,,GMC,P,34370,10510,10610,0,0014,14,401,927337,0401,0000,1145A,,NY,F,151,W 30 ST,,0,408,I3,,YYYYYYB,0700A,0800P,,0,0,-,0,,,,,
1427353426,KUW9124,99,PAS,06/29/2022,40,SDN,ME/BE,P,9630,6380,6480,20240308,0066,66,66,968646,0066,0000,0549P,,K,,1339,61 ST,,0,408,F7,,BBBBBBB,ALL,ALL,SILVE,0,2004,-,0,,,,,
1427353463,KLA6711,NY,PAS,06/24/2022,46,SUBN,HONDA,P,6680,9330,9380,0,0066,66,66,968646,0066,0000,0416A,,K,F,5513,16TH AVE,,0,408,F1,,BBBBBBB,ALL,ALL,GRAY,0,2020,-,0,,,,,
1427353542,KTN3948,NY,PAS,06/29/2022,50,SUBN,HONDA,P,9180,64730,0,20231231,0066,66,66,968646,0066,0000,0536P,,K,O,,52 ST,NEW UTRECHT AVE,0,408,E2,,BBBBBBB,ALL,ALL,GREY,0,0,-,0,,,,,
1427354029,KXC2936,NY,PAS,06/21/2022,95,SDN,AUDI,P,9330,5980,42630,20220729,0066,66,66,965035,0066,0000,0027A,,K,F,959,55 ST,,0,408,F2,,BBBBBBB,ALL,ALL,BLUE,0,2022,-,0,,,,,
1427354108,LYN6345,PA,PAS,06/21/2022,95,SUBN,DODGE,P,8330,6480,31330,20240430,0066,66,66,965035,0066,0000,0047A,,K,F,1458,35 ST,,0,408,K6,,BBBBBBB,ALL,ALL,GRAY,0,2014,-,0,,,,,
1427354133,KRN2447,NY,PAS,06/21/2022,40,VAN,KIA,P,61230,25730,8380,20230912,0066,66,66,965035,0066,0000,0607A,,K,F,172,MINNA ST,,0,408,E2,,BBBBBBB,ALL,ALL,WHITE,0,2009,-,0,,,,,
1427354236,KES6756,99,PAS,06/23/2022,40,SDN,LEXUS,P,6280,25730,8380,20220922,0066,66,66,966174,0066,0000,0520A,,K,F,3525,12 AVE,,0,408,E5,,BBBBBBB,ALL,ALL,WHITE,0,2020,-,0,,,,,
1427354741,JHV8536,NY,PAS,06/16/2022,98,VAN,GMC,P,9030,5980,6080,20230718,0066,66,66,965982,0066,0000,0930A,,K,F,947,49TH ST,,0,408,F2,,BBBBBBB,ALL,ALL,WHITE,0,2006,-,0,,,,,
1427354753,HFA4206,NY,PAS,06/19/2022,20,SUBN,TOYOT,P,9580,5880,5980,20240312,0066,66,66,965982,0066,0000,1046A,,K,F,828,60TH ST,,0,408,F1,,BBBBBBB,ALL,ALL,SILVE,0,2018,-,0,,,,,
1427354765,KSK4306,NY,PAS,07/01/2022,98,SUBN,TOYOT,P,8630,42630,6280,20230930,0066,66,66,965982,0066,0000,0236P,,K,F,1137,41 ST,,0,408,C,,BBBBBBB,ALL,ALL,GRAY,0,2021,-,0,,,,,
1427354856,GNV2062,NY,PAS,06/19/2022,40,SUBN,JEEP,P,9630,6980,7080,20240225,0066,66,66,967982,0066,0000,1055P,,K,F,1953,61 ST,,0,408,D,,BBBBBBB,ALL,ALL,BK,0,2021,-,3,,,,,
1427354868,KHH6700,NY,PAS,06/26/2022,40,SUBN,JEEP,P,8730,5880,5980,20221104,0066,66,66,967982,0066,0000,0923P,,K,F,875,43 ST,,0,408,E2,,BBBBBBB,ALL,ALL,BLK,0,2005,-,8,,,,,
1427837351,KUU6575,NY,999,06/30/2022,98,SUBN,NISSA,P,36790,10610,25290,20240329,0032,32,32,951003,0032,0000,0937A,,NY,F,231,W 151 STREET,,0,408,E2,,BBBBBBB,ALL,ALL,GY,0,2005,-,0,,,,,
1430067883,KSJ6471,NY,PAS,07/01/2022,40,SDN,,P,74330,53620,58720,20221108,0044,44,163,934318,0163,0000,0510P,,BX,F,131,W 169 ST,,0,408,E2,,BBBBBBB,ALL,ALL,RED,0,2009,-,0,,,,,
1430067895,G9868J,FL,PAS,07/02/2022,20,SDN,ME/BE,P,74120,40404,40404,0,0044,44,163,934318,0163,0000,0510P,,BX,F,953,W 162 ST,,0,408,E2,,BBBBBBB,ALL,ALL,GOLD,0,0,-,0,,,,,
1430067901,G9868J,FL,PAS,07/02/2022,51,SDN,ME/BE,P,74250,40404,40404,0,0044,44,163,934318,0163,0000,0518P,,BX,F,953,W 167 ST,,0,408,D,,BBBBBBB,ALL,ALL,GOLD,0,0,-,0,,,,,
1430067937,KSJ2960,NY,PAS,07/02/2022,14,SUBN,HONDA,P,74170,40404,40404,0,0044,44,163,948007,0163,0000,1042P,,BX,F,1001,W 164 ST,,0,408,E5,,BBBBBBB,ALL,ALL,BLUE,0,0,-,0,,,,,
1433622117,KWG5322,NY,PAS,06/10/2022,14,SDN,BMW,Y,24020,27870,44620,20220717,0052,52,976,101783,0976,0000,1044A,,BX,O,3435,DEKALB AVE,,0,408,99,,BBBBBBB,ALL,ALL,BLK,0,2014,-,0,,,,,
1433660349,KPK5556,NY,PAS,06/19/2022,98,SUBN,HONDA,P,23840,22670,57550,20230620,113,113,113,950782,0113,0000,0443A,,Q,F,140-05,158 STREET,,0,408,C,,BBBBBBB,ALL,ALL,GY,0,2009,-,0,,,,,
1433660350,KVN3543,NY,PAS,06/19/2022,20,SUBN,JEEP,P,22390,24390,24440,20240310,113,113,113,951929,0113,0000,0535A,,Q,F,167-10,137 AVE,,0,408,F2,,BBBBBBB,ALL,ALL,,0,0,-,0,,,,,
1435283715,JEM3045,OH,PAS,06/22/2022,40,SDN,TOYOT,P,6630,5880,72630,0,0078,78,78,953045,0078,0000,0804P,,,F,467,15 ST,,0,408,E2,,BBBBBBB,ALL,ALL,RD,0,0,-,2,,,,,
1435369014,KSB5261,NY,COM,06/24/2022,19,VAN,,P,13820,15220,10280,20230924,0049,49,163,920679,0163,0000,1145P,,,F,2190,BOSTON RD,,0,408,F1,,BBBBBBB,ALL,ALL,WHT,0,2014,-,0,,,,,
1435375592,KVT7864,NY,PAS,06/12/2022,46,SUBN,,P,54520,11020,25160,20240616,0041,41,41,964605,0041,0000,0656P,,,F,1108,OAKPOINT,,0,408,E3,,BBBBBBB,ALL,ALL,,0,0,-,0,,,,,
1435401578,JGL4903,NY,PAS,07/02/2022,40,SUBN,ME/BE,P,0,0,0,20230528,0044,44,163,953132,0163,0000,0750P,,BX,F,145,WEST 158 STREET,,0,408,F7,,BBBBBBB,ALL,ALL,WT,0,2020,-,0,,,,,
1436333866,JRV7466,NY,PAS,06/11/2022,14,SUBN,BMW,P,0,0,0,20220525,0075,75,75,951605,0075,0000,0152A,,K,,,C/O ARLINGTON,VAN SICLEN,0,408,E2,,BBBBBBB,ALL,ALL,BL,0,2005,-,0,,,,,
1436334111,KES3746,NY,PAS,06/17/2022,98,SUBN,HONDA,P,30430,0,92590,20221015,0075,75,75,935735,0075,0000,0805A,,K,F,32,CRESCENT ST,,0,408,F2,,BBBBBBB,ALL,ALL,SIL,0,2016,-,0,,,,,
1436442497,H30NHX,NJ,PAS,06/23/2022,17,SUBN,LEXUS,P,62720,27060,27090,0,0046,46,46,961916,0046,0000,0700P,,BX,O,2095,RYER AVE,,0,408,C3,,BBBBBBB,ALL,ALL,W,0,0,-,0,,,,,
1436443076,JRX9825,NY,PAS,06/24/2022,46,VAN,TOYOT,P,73820,26910,26940,20240531,0046,46,46,954987,0046,0000,0600P,,BX,F,1804,WEEKS AVENUE,,0,408,D,,BBBBBBB,ALL,ALL,GY,0,2011,-,0,,,,,
1436450937,KVC5526,NY,PAS,07/02/2022,98,SUBN,TOYOT,P,0,40404,40404,20220702,0049,49,49,959695,0049,0000,0423A,,,F,1710,MATHEWS AVE,,0,408,D,,BBBBBBB,ALL,ALL,WHITE,0,2022,-,0,,,,,
1436576507,JAL4015,NY,PAS,06/26/2022,45,SDN,LEXUS,P,10610,36530,36550,20220719,0032,32,32,969386,0032,0000,0113A,,NY,F,2376,7TH AVE,,0,408,C3,,BBBBBBB,ALL,ALL,GRY,0,2007,-,0,,,,,
1436576738,KPG9203,NY,PAS,06/20/2021,20,SUBN,DODGE,P,36590,10810,19990,20230630,0032,32,32,961869,0032,0000,1026A,,NY,F,305,W 141 ST,,0,408,A1,,BBBBBBB,ALL,ALL,BK,0,2018,-,0,,,,,
1436785790,KBT7664,NY,PAS,07/05/2022,46,SDN,KIA,P,12410,17190,17230,20230930,0009,9,9,960352,0009,0000,1201A,,NY,F,178,AVE D,,0,408,E9,,BBBBBBB,ALL,ALL,W,0,0,-,0,,,,,
1437480470,KGK1269,PA,PAS,06/24/2022,14,SDN,CHRYS,P,67620,45120,66920,20190331,0043,43,808,962628,0808,0000,0028A,,BX,F,875,TAYLOR AVE,,0,408,K6,,BBBBBBB,ALL,ALL,,0,0,-,0,,,,,
1437480482,LMT7262,PA,PAS,06/24/2022,14,SUBN,NISSA,P,67620,45120,66920,20220131,0043,43,808,962776,0808,0000,0023A,,BX,F,877,TAYLOR AVE,,0,408,C,,BBBBBBB,ALL,ALL,BLK,0,2019,-,0,,,,,
1438849965,JCM4999,NY,PAS,06/15/2022,98,SDN,AUDI,P,47837,48980,25908,20221125,120,120,120,963875,0120,0000,1055P,,,F,18,SCHUBERT ST,,0,408,J2,,BBBBBBB,ALL,ALL,GY,0,2010,-,0,,,,,
1438855886,KLB7586,NY,PAS,07/06/2022,17,SDN,NISSA,P,30640,45340,13590,20230531,0001,1,437,943904,0437,0000,1025A,1020A,NY,,4,SOUTH ST,,0,408,C,,BBBBBBB,ALL,ALL,GRAY,0,2021,-,0,,,,,
1438856416,KNN7328,NY,PAS,06/30/2022,10,SUBN,TOYOT,P,30640,45340,13590,20240614,0001,1,437,955989,0437,0000,0440P,,NY,F,4,SOUTH ST,,0,408,C4,,BBBBBBB,ALL,ALL,RED,0,2022,-,0,,,,,
1438931517,KVV6220,NY,PAS,07/02/2022,46,SDN,HONDA,P,74750,70620,12550,20240419,0052,52,52,959823,0052,0000,0937P,,BX,F,153,FATHER ZEISER,,0,408,F2,,BBBBBBB,ALL,ALL,,0,0,-,0,,,,,
1439050600,JFX8240,OH,PAS,06/28/2022,14,,LEXUS,N,74720,9020,0,0,0052,52,2,760874,0002,0000,1042A,,BX,,,W 184TH,AQUEDUCT AVE,0,408,F7,,BBBBBBB,ALL,ALL,GREY,0,2004,-,0,,,,,
1439077800,HNY5626,NY,999,06/30/2022,70,SDN,VOLKS,N,18820,12210,0,0,0044,44,2,160606,0002,0000,0407A,,BX,F,,CEDAR AVE,UNIVERSITY WOODS,0,408,J2,,BBBBBBB,ALL,ALL,BLACK,0,0,-,0,,,,,
1440003713,KSR6941,NY,PAS,06/26/2022,40,SUBN,SUBAR,P,7040,7290,28790,20231128,114,114,114,938830,0114,0000,1236A,,,F,25-48,23 ST,,0,408,E2,,BBBBBBB,ALL,ALL,WH,0,0,-,0,,,,,
1440043814,KLE6797,NY,PAS,06/29/2022,14,SUBN,LEXUS,P,36420,29020,27540,20230901,0052,52,52,962063,0052,0000,0904P,,BX,F,2720,GRAND CONCOURSE,,0,408,E2,,BBBBBBB,ALL,ALL,BLK,0,1999,-,0,,,,,
1440046694,KCC1665,NY,PAS,07/04/2022,46,SDN,HONDA,P,47020,74690,76650,20240511,0052,52,52,962846,0052,0000,1145P,,BX,F,2287,LORING PL N,,0,408,F2,,BBBBBBB,ALL,ALL,GY,0,2003,-,0,,,,,
1440048320,KJF2830,PA,PAS,07/01/2022,46,SUBN,CHEVR,P,66520,70520,55720,0,0043,43,40,958913,0040,0000,0718P,,BX,F,2096,STARLING AVE,,0,408,F1,,BBBBBBB,ALL,ALL,BK,0,2005,-,0,,,,,
1440048332,KJF2839,PA,PAS,07/01/2022,74,SUBN,CHEVR,P,66520,70520,55720,0,0043,43,40,958913,0040,0000,0718P,,BX,F,2096,STARLING AVE,,0,408,F1,,BBBBBBB,ALL,ALL,BK,0,2005,-,0,,,,,
1440209091,JNT1152,NY,PAS,06/21/2022,98,SUBN,JEEP,P,93530,60130,53130,20240131,0083,83,83,958342,0083,0000,0440P,,K,F,55,WILSON AVE,,0,408,E2,,BBBBBBB,ALL,ALL,RED,0,2020,-,0,,,,,
1440210895,KSP1448,NY,PAS,06/29/2022,74,SDN,ME/BE,P,54100,81030,50130,20230810,0083,83,83,963975,0083,0000,0443P,,K,,386,KNICKERBOCKER AVE,,0,408,F2,,BBBBBBB,ALL,ALL,BLK,0,2004,-,0,,,,,
1440210901,KSP1448,NY,PAS,06/29/2022,98,SDN,ME/BE,P,54100,81030,50130,20230810,0083,83,83,963975,0083,0000,0438P,,K,F,386,KNICKERBOCKER AVE,,0,408,J2,,BBBBBBB,ALL,ALL,BLK,0,2004,-,0,,,,,
1440210950,JJT4425,NY,PAS,06/21/2022,74,SUBN,FORD,P,93530,81930,81030,20230815,0083,83,83,963975,0083,0000,0302P,,K,O,201,WILSON AVENUE,,0,408,F2,,BBBBBBB,ALL,ALL,WHT,0,0,-,0,,,,,
1440211073,LXG2189,PA,PAS,06/08/2022,40,,ME/BE,P,45330,23230,23930,0,0083,83,85,963290,0085,0000,0912A,0912A,,O,46,GRANITE ST,,20220608,408,E2,,BBBBBBB,ALL,ALL,,0,0,-,0,,,,,
1440211875,KMT5508,NY,PAS,07/06/2022,40,SUBN,HONDA,P,80630,81930,81030,20230813,0083,83,83,967987,0083,0000,1101P,,K,F,149,ST NICHOLAS AVE,,0,408,F2,,BBBBBBB,ALL,ALL,BLUE,0,0,-,0,,,,,
1440212132,KSP1448,NY,PAS,06/29/2022,50,SDN,ME/BE,P,54100,81030,50130,20230810,0083,83,83,970695,0083,0000,0443P,,K,F,386,KNICKERBOCKER AVE,,0,408,E2,,BBBBBBB,ALL,ALL,BLACK,0,2004,-,0,,,,,
1440212156,KJX4675,NY,PAS,07/03/2022,19,SUBN,BMW,P,46730,25330,93530,20230408,0083,83,83,970695,0083,0000,1153P,,K,F,1195,HALSEY ST,,0,408,C3,,BBBBBBB,ALL,ALL,BLUE,0,2013,-,0,,,,,
1440212168,KMN7144,NY,PAS,07/07/2022,46,SDN,CADIL,P,53130,93530,54100,20230803,0083,83,83,970695,0083,0000,0620P,,K,F,234,JEFFERSON ST,,0,408,F2,,BBBBBBB,ALL,ALL,WHITE,0,2005,-,0,,,,,
1449703847,JBH5771,TX,PAS,06/19/2022,14,,,P,0,49830,0,0,0075,75,75,931072,0075,0000,0704P,,,,40,VERMONT,HIGHLAND BLVD,0,408,C,,BBBBBBB,ALL,ALL,,0,0,-,0,,,,,
1440212284,KSP7700,NY,PAS,06/29/2022,67,SUBN,HONDA,P,94730,83930,47630,20230306,0083,83,83,960884,0083,0000,0909A,,K,F,97,WYCKOFF AVE,,0,408,E5,,BBBBBBB,ALL,ALL,BLACK,0,2017,-,0,,,,,
1440212478,KGD2328,PA,PAS,06/20/2022,40,VAN,HONDA,P,32030,54100,52130,0,0083,83,83,967074,0083,0000,0924A,,,F,1384,DECATUR STREET,,0,408,F1,,BBBBBBB,ALL,ALL,,0,0,-,0,,,,,
1440212508,JJT3717,NY,PAS,06/21/2022,20,SUBN,FORD,P,60230,25330,93530,20230310,0083,83,83,967074,0083,0000,0833A,,K,F,117,MENAHAN STREET,,0,408,D,,BBBBBBB,ALL,ALL,RED,0,2013,-,0,,,,,
1440212510,KTC8425,NY,PAS,06/21/2022,40,SDN,HONDA,P,81030,80630,31230,20231116,0083,83,83,967074,0083,0000,0902A,,K,F,391,STANHOPE STREET,,0,408,D,,BBBBBBB,ALL,ALL,BLUE,0,2021,-,0,,,,,
1440212879,KDU6215,NY,PAS,06/26/2022,98,SDN,KIA,P,83930,80630,31230,20220626,0083,83,83,963002,0083,0000,1050A,1048A,K,F,458,SUYDAM ST,,0,408,F2,,BBBBBBB,ALL,ALL,,0,0,-,0,,,,,
1440212880,KLN1151,NY,PAS,07/01/2022,67,SUBN,NISSA,P,0,0,0,20230518,,0,83,970864,0083,0000,0924A,,K,,,I/O IRVING,ELDERT,0,408,F1,,BBBBBBB,ALL,ALL,WH,0,2014,-,0,,,,,
1440212892,GSA749,GA,PAS,07/01/2022,98,SDN,HONDA,P,60230,40030,25330,0,0083,83,83,970864,0083,0000,1018A,,K,F,69,MENAHAN STREET,,0,408,F7,,BBBBBBB,ALL,ALL,BEIGE,0,0,-,0,,,,,
1440252841,KEN2549,NY,PAS,06/14/2022,40,SDN,TOYOT,P,37280,14080,14130,20220711,0063,63,63,942856,0063,0000,1101P,,K,F,1146,E 56 ST,,0,408,F1,,BBBBBBB,ALL,ALL,BLK,0,2022,-,0,,,,,
1440671254,JPF6879,NY,PAS,06/18/2022,46,,,P,23520,74480,74510,20231225,0046,46,46,952297,0046,0000,1010P,,,O,1770,DAVIDSON AVE,,0,408,F1,,BBBBBBB,ALL,ALL,BK,0,2022,-,0,,,,,
1440671278,KPR2634,NY,PAS,06/28/2022,46,SDN,FORD,P,62720,29120,27060,20231005,0046,46,46,954987,0046,0000,0245P,,BX,F,2055,RYER AVENUE,,0,408,F2,,BBBBBBB,ALL,ALL,WT,0,2015,-,0,,,,,
1441871860,KJJ3075,NY,PAS,06/27/2022,19,SUBN,TOYOT,R,65490,7540,7690,20230228,109,109,0,0,0000,0000,0905A,,Q,F,28-01,UNION ST,,0,408,C3,,BBBBBBB,ALL,ALL,BK,0,0,-,0,,,,,
1441871883,HCR4478,NY,PAS,06/29/2022,19,SUBN,,R,61090,12740,54102,20231112,108,108,0,0,QNRO,0000,1030A,,Q,F,61-06,ROOSEVELT AVE,,0,408,C3,,BBBBBBB,ALL,ALL,,0,0,-,0,,,,,
1441872073,KWG8669,NY,PAS,06/30/2022,19,SUBN,JEEP,R,57790,23290,23240,0,109,109,0,0,0000,0000,1031A,,Q,F,150-07,NORTHERN BLVD,,0,408,C,,BBBBBBB,ALL,ALL,WT,0,0,-,0,,,,,
1441873077,KEH6082,NY,PAS,06/24/2022,19,SUBN,BMW,R,35690,6160,6190,20220919,109,109,0,0,QNRO,0000,0647A,,Q,F,16-64,BELL BLVD,,0,408,C3,,BBBBBBB,ALL,ALL,WHITE,0,2020,-,0,,,,,
1441873168,KEH6082,99,PAS,06/17/2022,19,SUBN,ROVER,R,35690,6160,6190,20220910,109,109,0,0,ONRO,0000,0726A,,Q,F,16-64,BELL BLVD,,0,408,C3,,BBBBBBB,ALL,ALL,WHITE,0,2020,-,0,,,,,
1479839115,KFL2006,NY,PAS,06/03/2022,24,SDN,MINI,Y,54580,60611,0,20220917,114,114,976,101207,0976,0000,0126A,,NY,F,900,MAIN ST,RI,0,408,D,,BBBBBBB,ALL,ALL,RED,0,2011,-,0,,,,,
1479839127,KED8810,NY,PAS,06/03/2022,24,SDN,NISSA,Y,54580,60611,0,20220816,114,114,976,101207,0976,0000,0150A,,NY,F,900,MAIN ST,RI,0,408,D5,,BBBBBBB,ALL,ALL,SIL,0,2014,-,0,,,,,
1479839139,KVD5009,NY,PAS,06/08/2022,24,SDN,TOYOT,Y,54580,60611,0,20240227,114,114,976,101207,0976,0000,0620A,,NY,F,900,MAIN ST,RI,0,408,D5,,BBBBBBB,ALL,ALL,BLK,0,2014,-,0,,,,,
1479839152,JEH4647,NY,PAS,06/08/2022,24,VAN,HONDA,Y,54580,0,0,20230320,114,114,976,101387,0976,0000,0936A,0936A,Q,O,900,MAIN ST,ROOSEVELT ISLAND,20220608,408,D5,,YYYYYYB,1200A,ALL,SIL,0,2006,-,0,,,,,
1479839164,JAB4455,NY,PAS,06/08/2022,24,SUBN,HONDA,Y,54580,0,0,20220905,114,114,976,101387,0976,0000,0952A,0952A,NY,O,900,MAIN ST,ROOSEVELT ISLAND,0,408,D5,,YYYYYYY,ALL,ALL,BL,0,2022,-,0,,,,,
1479839190,KTR2943,NY,PAS,06/10/2022,24,SUBN,CHEVR,Y,54580,60611,0,20240228,114,114,976,101207,0976,0000,0430A,,NY,F,900,MAIN ST,RI,0,408,D5,,BBBBBBB,ALL,ALL,BK,0,2022,-,0,,,,,
1479839206,KRN2623,NY,PAS,06/10/2022,24,SDN,LEXUS,Y,54580,60611,0,20230816,114,114,976,101207,0976,0000,0432A,,NY,F,900,MAIN ST,RI,0,408,D5,,BBBBBBB,ALL,ALL,BK,0,2014,-,0,,,,,
1479839218,KFL2006,NY,PAS,06/13/2022,24,SDN,MINI,Y,54580,60611,0,20220917,114,114,976,101207,0976,0000,0455A,,NY,F,900,MAIN ST,RI,0,408,D5,,BBBBBBB,ALL,ALL,RED,0,2011,-,0,,,,,
1479839231,KTR2943,NY,PAS,06/13/2022,24,SUBN,CHEVR,Y,54580,60611,0,20240228,114,114,976,101207,0976,0000,0457A,,NY,F,900,MAIN ST,RI,0,408,D5,,BBBBBBB,ALL,ALL,BK,0,2022,-,0,,,,,
1479839243,JMR2374,NY,PAS,06/10/2022,24,SUBN,JEEP,Y,54580,60611,0,20231111,114,114,976,101798,0976,0000,0838A,0838A,NY,F,900,MAIN STREET,RI,0,408,D5,,BBBBBBB,ALL,ALL,BL,0,2020,-,0,,,,,
1479839360,HZN5198,NY,PAS,06/24/2022,24,SDN,HONDA,Y,54580,40404,40404,20220801,114,114,976,101207,0976,0000,0507A,,NY,F,900,MAIN ST,,0,408,D5,,BBBBBBB,ALL,ALL,BK,0,2020,-,0,,,,,
1479839371,KTR2943,NY,PAS,06/24/2022,24,SUBN,CHEVR,Y,54580,40404,40404,20240228,114,114,976,101207,0976,0000,0509A,,NY,F,900,MAIN ST,,0,408,D5,,BBBBBBB,ALL,ALL,BK,0,2022,-,0,,,,,
1479839383,KTR2943,NY,PAS,06/28/2022,24,SUBN,CHEVR,Y,54580,40404,40404,20240228,114,114,976,101207,0976,0000,0345A,,NY,F,900,MAIN ST,,0,408,D5,,BBBBBBB,ALL,ALL,BK,0,2022,-,0,,,,,
1479839395,JMR2374,NY,PAS,06/29/2022,24,SUBN,JEEP,Y,54580,40404,40404,20231111,114,114,976,101792,0976,0000,1000A,1000A,NY,F,900,MAIN STREET,,0,408,D5,,BBBBBBB,ALL,ALL,BLK,0,2020,-,0,,,,,
1479839401,KTR2943,NY,PAS,06/29/2022,24,SUBN,CHEVR,Y,54580,40404,40404,20240228,114,114,976,101792,0976,0000,0948A,0948A,NY,F,900,MAIN STREET,,0,408,D5,,BBBBBBB,ALL,ALL,BLK,0,2022,-,0,,,,,
1479839413,KFL2006,NY,PAS,07/01/2022,24,SDN,MINI,Y,54580,40404,40404,20220917,114,114,976,101207,0976,0000,0150A,,NY,F,900,MAIN ST,,0,408,D5,,BBBBBBB,ALL,ALL,RED,0,2011,-,0,,,,,
1479839425,KTR2943,NY,PAS,07/01/2022,24,SUBN,CHEVR,Y,54580,40404,40404,20240228,114,114,976,101207,0976,0000,0752A,,NY,F,900,MAIN ST,,0,408,D5,,BBBBBBB,ALL,ALL,BK,0,2022,-,0,,,,,
1479839437,KPT4038,NY,PAS,07/01/2022,24,SDN,AUDI,Y,54580,40404,40404,20230812,114,114,976,101207,0976,0000,0207A,,,F,900,MAIN ST,,0,408,D5,,BBBBBBB,ALL,ALL,BK,0,2002,-,0,,,,,
1479839449,KRN2623,NY,PAS,07/01/2022,24,SDN,LEXUS,Y,54580,40404,40404,20230816,114,114,976,101207,0976,0000,0147A,,NY,F,900,MAIN ST,,0,408,D5,,BBBBBBB,ALL,ALL,BK,0,2014,-,0,,,,,
1480318991,JMA5118,NY,PAS,07/03/2022,20,SDN,HONDA,K,68720,13385,0,20231225,0041,41,2,160414,0002,0000,0259P,,BX,O,310,TIFFANY ST,BARRETTO PT PK,0,408,B,,BBBBBBB,ALL,ALL,BLK,0,2009,-,0,,,,,
1480320080,KEJ8944,NY,PAS,07/02/2022,46,SUBN,TOYOT,N,45120,12085,0,20220825,0043,43,2,160107,0002,0000,0528P,,BX,,,LAFAYETTE AVE,SOUNDVIEW PARK,0,408,C,,BBBBBBB,ALL,ALL,GREY,0,2008,-,0,,,,,
1480321035,KRA8776,NY,PAS,06/06/2022,17,SDN,NISSA,P,9520,0,0,20230825,0048,48,2,161269,0002,0000,1010A,,BX,O,1876,ARTHUR AVE,WALTER GLADWIN PARK,0,408,D,,YYYYYBB,0800A,0600P,GRAY,0,2021,-,0,,,,,
1480321047,KJZ1420,NY,PAS,06/06/2022,17,SUBN,DODGE,P,9520,0,0,20230323,0049,49,2,161269,0002,0000,1020A,,BX,O,1876,ARTHUR AVE,WALTER GLADWIN PARK,0,408,C4,,YYYYYBB,0800A,0600P,BLUE,0,2015,-,0,,,,,
1480321060,KVT2816,NY,PAS,06/06/2022,17,SUBN,KIA,P,9520,0,0,20240321,0048,48,2,161269,0002,0000,1040A,,BX,O,1892,ARTHUR AVE,WALTER GLADWIN PARK,0,408,C4,,YYYYYBB,0800A,0500P,BLUE,0,2004,-,0,,,,,
1480321072,KVZ9423,PA,PAS,06/06/2022,17,SDN,HONDA,P,9520,0,0,0,0048,48,2,161269,0002,0000,1050A,,BX,,1844,ARTHUR AVE,WALTER GLADWIN PARK,0,408,C4,,YYYYYBB,0800A,0500P,GRAY,0,0,-,0,,,,,
1480321084,HRS3598,NY,PAS,06/06/2022,10,VAN,CHEVR,P,25420,13325,0,20230630,0044,44,2,161269,0002,0000,0822P,,BX,O,1441,EDWARD GRANT HWY,PLIMPTON PLAYGROUND,0,408,C4,,BBBBBBB,ALL,ALL,WHITE,0,2017,-,0,,,,,
1480321102,KLE1589,NY,PAS,06/13/2022,51,VAN,FORD,K,12210,63820,37640,20230628,0046,46,2,161269,0002,0000,1045A,,BX,,,UNIVERSITY WOODS PAR,,0,408,D,,BBBBBBB,ALL,ALL,,0,2012,-,0,,,,,
1480321187,KLE5330,NY,PAS,06/26/2022,20,SUBN,HONDA,N,71750,13385,0,20230826,0041,41,2,161269,0002,0000,0425P,,BX,,,VIELE AVE,BARRETTO POINT PARK,0,408,D,,BBBBBBB,ALL,ALL,ORANG,0,2005,-,0,,,,,
1480327839,KSB7027,NY,PAS,06/05/2022,20,SUBN,LEXUS,K,0,0,0,20231024,110,110,3,160620,0003,0000,0928A,,Q,O,,FLUSHING MEADOWS COR,TENNIS COURTS,0,408,D,,BBBBBBB,ALL,ALL,WHITE,0,2022,-,0,,,,,
1480331685,JPX2836,NY,PAS,07/01/2022,63,SDN,TOYOT,K,0,0,0,20231128,,0,3,160549,0003,0000,1045P,,,F,,FOREST PK,BANDSHELL PKING LOT,0,408,D,,BBBBBBB,ALL,ALL,GRAY,0,2013,-,0,,,,,
1480333440,KLB3238,NY,PAS,06/11/2022,63,SDN,TOYOT,K,72507,18950,18950,20230506,0078,78,4,160544,0004,0000,0533P,,K,,,PROSPECT PARK GARAGE,,0,408,J6,,BBBBBBB,ALL,ALL,SILVE,0,2018,-,0,,,,,
1480333487,HYH5096,NY,PAS,06/11/2022,63,SDN,AUDI,K,72507,18950,18950,20240301,0078,78,4,160453,0004,0000,0536P,,K,,,PROSPECT PARK GARAGE,,0,408,D3,,BBBBBBB,ALL,ALL,BLACK,0,2018,-,0,,,,,
1480333761,KHA1433,NY,PAS,05/05/2022,68,SUBN,SUBAR,K,92300,18950,18950,20221201,0078,78,4,160941,0004,0000,0329P,,K,O,44,WEST DR,,0,408,D,,BBBBBBB,ALL,ALL,BLK,0,2015,-,0,,,,,
1480334200,KTV1465,NY,PAS,06/25/2022,14,SDN,MASE,K,91630,28845,0,20240221,0060,60,4,160406,0004,0000,0700P,,K,F,3033,W 25TH STREET,CONEY ISLAND BEACH,0,408,C,,BBBBBBB,ALL,ALL,BLACK,0,2018,-,0,,,,,
1480334406,JCZ2468,NY,PAS,06/18/2022,14,SDN,HYUND,K,12160,6180,6280,20221209,0062,62,4,161457,0004,0000,1256P,,K,F,,DYKER BEACH PARK,,0,408,F3,,BBBBBBB,ALL,ALL,BLUE,0,2015,-,0,,,,,
1480334613,HXK5135,NY,PAS,07/02/2022,20,SUBN,HONDA,K,0,52730,0,20240424,0075,75,4,161039,0004,0000,0549P,,K,,,LOWER HIGHLAND PK,JAMAICA AVE,0,408,D,,BBBBBBB,ALL,ALL,GRY,0,2018,-,0,,,,,
1480350655,JFS2721,NY,PAS,07/04/2022,27,SUBN,ACURA,N,11210,37280,70068,20231119,123,123,5,160553,0005,0000,0426P,,R,,,WOLFES POND PARK,,0,408,E3,,BBBBBBB,ALL,ALL,BLUE,0,2019,-,0,,,,,
1480350667,KVD4179,NY,PAS,07/04/2022,27,P-U,DODGE,N,11210,37280,70068,20240125,123,123,5,160553,0005,0000,0450P,,R,,,WOLFES POND PARK,,0,408,D3,,BBBBBBB,ALL,ALL,BLACK,0,2009,-,0,,,,,
1480350679,JMN6969,NY,PAS,07/04/2022,27,SUBN,VOLKS,N,0,0,0,20231111,122,122,5,160553,0005,0000,0517P,,R,,,CEADR GOVE BEACH,,0,408,D3,,BBBBBBB,ALL,ALL,WHITE,0,2019,-,0,,,,,
1480355926,HEB8367,NY,PAS,06/12/2022,20,SUBN,HONDA,K,0,0,0,20240301,,0,1,161444,0001,0000,0137P,,NY,F,,W 43 12 AVE,HUDSON RIVER,0,408,D,,BBBBBBB,ALL,ALL,NAVY,0,2011,-,0,,,,,
1480357571,KSD3888,NY,PAS,06/16/2022,63,SDN,TOYOT,K,5830,72507,0,20231021,0078,78,4,161310,0004,0000,0941P,,K,,,7TH ST,PROSPECT PARK,0,408,F3,,BBBBBBB,ALL,ALL,BLK,0,2016,-,0,,,,,
1480561009,KVH5980,NY,OMT,06/18/2022,40,SUBN,BMW,P,0,40404,40404,20240220,,0,47,962988,0047,0000,0455P,,BX,F,4273,MARTHA AVE,,0,408,F2,,BBBBBBB,ALL,ALL,WHITE,0,2019,-,0,,,,,
1480576931,JHT9878,NY,PAS,06/25/2022,14,SUBN,ROVER,P,36920,56350,0,20230430,0045,45,45,970435,0045,0000,1020P,,BX,F,,GRISWOLD AVE,OUTLOOK AVE,0,408,F1,,BBBBBBB,ALL,ALL,GRY,0,2018,-,0,,,,,
1480577005,HET3698,NY,PAS,06/25/2022,20,SDN,ME/BE,P,58520,19520,23800,20240224,0045,45,45,970435,0045,0000,0600P,,BX,F,151,PILOT ST,,0,408,D,,BBBBBBB,ALL,ALL,GY,0,1996,-,0,,,,,
1480577030,KSP4273,NY,PAS,07/03/2022,50,SUBN,CHEVR,P,49920,73920,79150,20230331,0045,45,45,970435,0045,0000,0635P,,BX,F,1539,MAYFLOWER,,0,408,K6,,BBBBBBB,ALL,ALL,BLK,0,2019,-,0,,,,,
1480577042,HZJ5224,NY,PAS,07/03/2022,98,P-U,GMC,P,67520,45120,10520,20240630,0045,45,45,970435,0045,0000,1000P,,BX,F,926,SWINTON,,0,408,E5,,BBBBBBB,ALL,ALL,WH,0,2018,-,0,,,,,
1480577110,JKA1624,NY,OMT,07/07/2022,98,SDN,,P,62620,76950,69520,20230628,0045,45,45,969248,0045,0000,1108P,,BX,F,1419,ROWLAND ST,,0,408,D,,BBBBBBB,ALL,ALL,BLK,0,2017,-,0,,,,,
1480582062,HLF1807,NY,PAS,07/08/2022,98,SUBN,SUBAR,P,43520,26610,26670,20221010,0041,41,41,968651,0041,0000,0550A,,BX,F,1037,KELLY ST,,0,408,B,,BBBBBBB,ALL,ALL,BLK,0,2021,-,0,,,,,
1480582323,KSF5725,NY,PAS,07/02/2022,40,SDN,NISSA,P,68720,12120,26550,20231029,0041,41,41,970901,0041,0000,0840P,,BX,O,940,TIFFANY ST,,0,408,F1,,BBBBBBB,ALL,ALL,RED,0,2019,-,0,,,,,
1480582840,KUP4071,NY,PAS,06/28/2022,46,SDN,DODGE,P,62720,29120,27060,20240227,0046,46,46,934685,0046,0000,0218A,,BX,F,2065,RYER AVENUE,,0,408,F2,,BBBBBBB,ALL,ALL,BK,0,2019,-,0,,,,,
1480582955,KDW8982,NY,PAS,07/05/2022,46,SDN,HYUND,P,72720,29620,27030,20220727,0046,46,40,963583,0040,0000,1214A,1214A,,F,1979,WALTON AVE,,0,408,E2,,BBBBBBB,ALL,ALL,GY,0,2017,-,0,,,,,
1480583250,M1427P,TN,PAS,06/28/2022,40,SDN,INFIN,P,62720,29120,27060,0,0046,46,46,958332,0046,0000,0218A,,BX,F,2065,RYER AVENUE,,0,408,C4,,BBBBBBB,ALL,ALL,BLK,0,0,-,0,,,,,
1480583261,JMN,NY,PAS,06/26/2022,46,SDN,HYUND,P,72720,27120,27150,20231103,0046,46,46,958792,0046,0000,0115A,,BX,F,2270,WALTON AVE,,0,408,J2,,BBBBBBB,ALL,ALL,,0,0,-,0,,,,,
1480583273,JHG4929,NY,PAS,06/26/2022,46,SUBN,ACURA,P,72720,27120,27150,20230408,0046,46,46,958332,0046,0000,0115A,,BX,F,2270,WALTON AVE,,0,408,F1,,BBBBBBB,ALL,ALL,WH,0,2016,-,0,,,,,
1480583285,KWH4084,NY,PAS,07/04/2022,46,SDN,HONDA,P,17020,21820,36420,20240302,0046,46,46,958332,0046,0000,0250A,,BX,O,163,BUSH STREET,,0,408,C,,BBBBBBB,ALL,ALL,BLK,0,2005,-,0,,,,,
1480600908,HJW1344,NY,PAS,06/26/2022,98,SDN,ACURA,P,62920,22920,41520,20220807,0049,49,49,935296,0049,0000,0227P,,BX,F,712,SAGAMORE ST,,0,408,F1,,BBBBBBB,ALL,ALL,GY,0,2007,-,0,,,,,
1480600910,KUU6068,NY,PAS,06/26/2022,98,SDN,TOYOT,P,62920,22920,41520,20240316,0049,49,49,935296,0049,0000,0301P,,BX,F,712,SAGAMORE ST,,0,408,F2,,BBBBBBB,ALL,ALL,GY,0,2004,-,0,,,,,
1480600945,KSD4122,NY,PAS,07/01/2022,40,SDN,LINCO,P,61220,40404,40404,20231122,0049,49,49,967744,0049,0000,0937A,0935A,,F,1903,RHINELANDER,,0,408,F2,,BBBBBBB,ALL,ALL,SILVE,0,2009,-,0,,,,,
1480614087,KLJ8033,NY,PAS,06/19/2022,41,SUBN,KIA,P,37680,41730,18590,20230322,0069,69,69,970369,0069,0000,0312A,,K,O,532,EAST 87 ST,,0,408,C,,BBBBBBB,ALL,ALL,BLK,0,2021,-,0,,,,,
1480617271,KTV8345,NY,PAS,06/10/2022,51,SDN,BMW,P,13880,37880,37930,20240211,0069,69,69,969350,0069,0000,0810P,,K,F,9202,AVE D,,0,408,E2,,BBBBBBB,ALL,ALL,,0,0,-,0,,,,,
1480624860,JPU9189,NY,PAS,06/22/2022,98,SDN,HYUND,P,38200,41030,14080,20220617,0069,69,69,956955,0069,0000,1105A,,K,F,983,EAST 103 STREET,,0,408,E2,,BBBBBBB,ALL,ALL,WH,0,2015,-,0,,,,,
1480627872,KSD3254,NY,PAS,06/19/2022,98,SDN,BMW,P,37680,40230,44430,20231028,0069,69,69,968637,0069,0000,0510P,,K,F,672,E 87 ST,,0,408,E2,,BBBBBBB,ALL,ALL,SILV,0,2011,-,0,,,,,
1480627884,HFZ9979,NY,PAS,06/19/2022,98,SUBN,HONDA,P,0,40404,40404,20240525,0069,69,69,968637,0069,0000,0910P,,K,F,9531,AVE 9,,0,408,F2,,BBBBBBB,ALL,ALL,BLK,0,2014,-,0,,,,,
1480628669,KNZ3087,99,PAS,06/16/2022,98,SDN,,P,37630,40230,44430,20240311,0069,69,69,972247,0069,0000,1256A,,K,F,617,E 86 ST,,0,408,F2,,BBBBBBB,ALL,ALL,W,0,2007,-,0,,,,,
1480628700,JSC9890,NY,PAS,06/28/2022,46,SDN,BMW,P,38185,14280,75970,20220614,0069,69,69,772247,0069,0000,0303A,,K,F,1436,E 101 ST,,0,408,F2,,BBBBBBB,ALL,ALL,BK,0,2016,-,0,,,,,
1480628876,KRK8400,NY,PAS,06/20/2022,98,SUBN,VOLKS,P,68958,68942,37510,20230710,0069,69,69,971951,0069,0000,1111A,,K,F,35,PAERDEGAT 14 ST,,0,408,F2,,BBBBBBB,ALL,ALL,,0,0,-,0,,,,,
1480629030,HKM5344,NY,PAS,06/16/2022,98,SUBN,TOYOT,P,14280,38030,38080,20220926,0069,69,69,972189,0069,0000,0837P,,K,F,9531,AVENUE N,,0,408,F2,,BBBBBBB,ALL,ALL,BLK,0,2008,-,0,,,,,
1480629248,KTF8381,NY,PAS,06/28/2022,40,SDN,NISSA,P,37510,14180,68952,20231031,0069,69,69,972287,0069,0000,1027A,,K,F,1217,E 80 ST,,0,408,F1,,BBBBBBB,ALL,ALL,BLUE,0,2021,-,0,,,,,
1480629790,KVV6962,NY,PAS,06/10/2022,98,VAN,TOYOT,P,37515,14130,14180,20240531,0069,69,69,969822,0069,0000,0710A,,K,F,1165,E 81 ST,,0,408,F2,,BBBBBBB,ALL,ALL,GY,0,2011,-,0,,,,,
1480629807,KTK8598,NY,PAS,06/22/2022,40,SDN,BMW,P,37530,41730,40230,20240224,0069,69,69,969822,0069,0000,1246A,,K,F,548,E 83 ST,,0,408,K6,,BBBBBBB,ALL,ALL,BLU,0,2017,-,5,,,,,
1480629856,KWW4532,NY,PAS,06/25/2022,98,SDN,INFIN,P,38030,13880,65570,20240425,0069,69,69,969822,0069,0000,0225A,,K,F,888,E 95 ST,,0,408,E2,,BBBBBBB,ALL,ALL,R,0,2004,-,0,,,,,
1480629868,LPKW25,FL,PAS,06/26/2022,46,SDN,NISSA,P,37510,41730,40230,0,0069,69,69,969822,0069,0000,1248A,,K,F,581,E 80 ST,,0,408,E2,,BBBBBBB,ALL,ALL,GY,0,2009,-,0,,,,,
1480630160,JRB1973,NY,PAS,06/26/2022,46,SDN,JEEP,P,37780,44430,41030,20240318,0069,69,69,964606,0069,0000,0245A,,K,F,714,E 89,,0,408,F1,,BBBBBBB,ALL,ALL,G,0,2018,-,0,,,,,
1480630172,JMA5485,NY,PAS,07/02/2022,67,SDN,ME/BE,P,40230,37980,38030,20231010,0069,69,69,969038,0069,0000,0221A,,K,F,9424,FARRAGUT RD,,0,408,F2,,BBBBBBB,ALL,ALL,WHITE,0,2019,-,0,,,,,
1480630202,KTH2665,NY,PAS,07/02/2022,67,SDN,HONDA,P,40230,37980,38030,20231206,0069,69,69,969045,0069,0000,0220A,,K,O,9424,FARRAGUT RD,,0,408,F7,,BBBBBBB,ALL,ALL,BLK,0,2022,-,0,,,,,
1480630640,KTL2664,NY,PAS,06/18/2022,46,SDN,HYUND,P,0,0,0,20230713,0069,69,69,970757,0069,0000,1021P,,K,O,,AVENUE N,I/O E 100,0,408,F2,,BBBBBBB,ALL,ALL,SILVE,0,2011,-,0,,,,,
1480631255,KVF8621,NY,PAS,06/25/2022,98,SUBN,TOYOT,P,37525,14080,14130,20240310,0069,69,69,972197,0069,0000,0520A,0520A,,F,1054,E 82 STREET,,0,408,F2,,BBBBBBB,ALL,ALL,GY,0,2022,-,0,,,,,
1480631371,GRH3663,NY,PAS,06/25/2022,14,SDN,MITSU,P,73480,77740,44430,20240501,0069,69,69,939138,0069,0000,0855P,,K,F,1426,ROCKAWAY PKWY,,0,408,F2,,BBBBBBB,ALL,ALL,GY,0,0,-,0,,,,,
1480631486,HWU,NY,PAS,06/18/2022,40,SUBN,INFIN,P,73110,37492,44430,20231205,0069,69,69,939138,0069,0000,1235A,,,O,1687,RALPH AVE,,0,408,F1,,BBBBBBB,ALL,ALL,SIL,0,2012,-,0,,,,,
1480631991,KRZ8066,NY,PAS,06/10/2022,46,SUBN,JEEP,P,41030,37510,37515,20230919,0069,69,69,968152,0069,0000,0835P,,K,F,8023,FLATLANDS AVE,,0,408,F1,,BBBBBBB,ALL,ALL,WHITE,0,2017,-,0,,,,,
1480632004,HLT743,99,COM,06/11/2022,78,DELV,NISSA,P,37610,44430,41030,20221130,0069,69,69,968152,0069,0000,1245A,,,O,713,E 85 ST,,0,408,F1,,BBBBBBB,ALL,ALL,WHITE,0,2009,-,0,,,,,
1480632181,KVC8483,NY,PAS,06/10/2022,14,SUBN,NISSA,P,0,40404,40404,20240516,0069,69,69,970953,0069,0000,0503P,,,O,1425,ROCKAWAY,,0,408,K6,,BBBBBBB,ALL,ALL,GRY,0,2017,-,0,,,,,
1480632363,KTX5835,NY,PAS,06/13/2022,98,SUBN,TOYOT,P,37680,40230,44430,20240108,0069,69,69,968881,0069,0000,0942P,,K,F,672,E 87 ST,,0,408,C,,BBBBBBB,ALL,ALL,GRAY,0,2022,-,0,,,,,
1480633010,GMT9857,NY,PAS,06/26/2022,46,SUBN,BMW,P,37780,44430,41030,20240425,0069,69,69,965103,0069,0000,0235A,,K,F,732,E 89 ST,,0,408,F7,,BBBBBBB,ALL,ALL,BLUE,0,2015,-,0,,,,,
1480633033,KLJ5937,NY,PAS,06/20/2022,46,SDN,AUDI,P,0,0,0,20230504,0069,69,69,969307,0069,0000,0913P,,K,F,,N/S SKIDMORE AVE,W/O E 92 ST,0,408,F2,,BBBBBBB,ALL,ALL,BLK,0,2020,-,0,,,,,
1480633045,KSU5616,NY,PAS,06/26/2022,46,SUBN,ME/BE,P,37780,44430,41030,20231012,0069,69,69,969048,0069,0000,0246A,,K,F,714,E 89 ST,,0,408,F1,,BBBBBBB,ALL,ALL,WHITE,0,2016,-,0,,,,,
1480633057,HBT2789,NY,PAS,06/26/2022,46,SUBN,NISSA,P,37780,44430,41030,20230909,0069,69,69,965102,0069,0000,0238A,,K,F,732,E 89 ST,,0,408,F1,,BBBBBBB,ALL,ALL,BLACK,0,2012,-,0,,,,,
1480633124,KEK9941,NY,PAS,06/26/2022,46,SUBN,LEXUS,P,37780,44430,41030,20220726,0069,69,69,965102,0069,0000,0244A,,K,F,720,E 89 ST,,0,408,F1,,BBBBBBB,ALL,ALL,BLUE,0,2019,-,0,,,,,
1480633197,HXR3088,NY,PAS,06/17/2022,98,SDN,MERCU,P,37780,14230,14280,20240318,0069,69,69,946454,0069,0000,0927A,,K,O,1314,EAST 89TH STREET,,0,408,E2,,BBBBBBB,ALL,ALL,TAN,0,2003,-,0,,,,,
1480633203,KWR8990,NY,PAS,06/19/2022,46,SDN,NISSA,P,41030,37525,37530,20240518,0069,69,69,946454,0069,0000,1213P,,K,F,8211,FLATLANDS AVE,,0,408,F1,,BBBBBBB,ALL,ALL,BLUE,0,2007,-,0,,,,,
1480633215,KRS8246,NY,PAS,06/17/2022,98,SUBN,HYUND,P,0,0,0,20230810,0069,69,69,946454,0069,0000,1249P,,K,F,32,,,0,408,F2,,BBBBBBB,ALL,ALL,WHITE,0,2007,-,0,,,,,
1480634086,KRN2604,NY,PAS,06/17/2022,46,SUBN,CHEVR,P,37980,14230,73840,20230815,0069,69,69,972505,0069,0000,0317P,,K,F,1512,EAST 94 STREET,,0,408,F2,,BBBBBBB,ALL,ALL,BLK,0,2020,-,0,,,,,
1480634141,HWK5854,NY,PAS,07/02/2022,46,SUBN,NISSA,P,37880,44430,28970,20240128,0069,69,69,972801,0069,0000,0159A,,K,F,1122,E 92 ST,,0,408,F7,,BBBBBBB,ALL,ALL,BLACK,0,2021,-,0,,,,,
1480634165,GJH8781,NY,PAS,07/02/2022,98,SUBN,NISSA,P,73210,28970,41030,20230729,0069,69,69,972801,0069,0000,0215A,,,F,1172,REMSEN AVE,,0,408,F1,,BBBBBBB,ALL,ALL,BLUE,0,2011,-,0,,,,,
1480634177,KAG5784,NY,PAS,06/23/2022,98,SUBN,DODGE,P,0,40404,40404,20230930,0064,64,64,972801,0064,0000,1252A,,K,F,8718,BEDELL AVE,,0,408,E2,,BBBBBBB,ALL,ALL,RED,0,2020,-,0,,,,,
1480634505,GMU3072,NY,PAS,06/11/2022,46,SDN,HONDA,P,14180,73210,37830,20220519,0069,69,69,972699,0069,0000,0542P,0540P,K,F,9024,AVE L,,0,408,F1,,BBBBBBB,ALL,ALL,,0,0,-,0,,,,,
1480634554,LWG3650,PA,PAS,07/01/2022,98,VAN,TOYOT,P,68958,68942,37510,0,0069,69,69,973178,0069,0000,0907A,0907A,K,F,11,PAERDEGAT 14 ST,,20220701,408,F2,,BBBBBBB,ALL,ALL,BEIGE,0,2007,-,0,,,,,
1480634578,GRA6447,NY,PAS,06/12/2022,98,SUBN,CHEVR,P,38210,41030,14080,20220814,0069,69,69,973178,0069,0000,0622A,0622A,K,F,985,E 105 ST,,0,408,F2,,BBBBBBB,ALL,ALL,BLACK,0,2015,-,0,,,,,
1480634591,LVK1932,PA,PAS,07/03/2022,40,SDN,FORD,P,37468,40404,40404,0,0069,69,64,973178,0064,0000,1217A,1217A,K,F,629,E 67 ST,,20220703,408,F2,,BBBBBBB,ALL,ALL,GREY,0,0,-,0,,,,,
1480634669,HYJ1996,NY,PAS,06/29/2022,98,SDN,HONDA,P,37610,41730,40230,20240227,0069,69,69,973178,0069,0000,1149A,1149A,K,F,556,E 85 ST,,0,408,E2,,BBBBBBB,ALL,ALL,WHITE,0,2018,-,0,,,,,
1480634888,KDD5624,NY,PAS,06/11/2022,14,SDN,NISSA,P,28970,37930,37980,20230728,0069,69,69,972984,0069,0000,0156A,0155A,K,F,75,CONKLIN AVE,,20220611,408,F2,,BBBBBBB,ALL,ALL,RED,0,2021,-,0,,,,,
1480635303,KUA2793,NY,PAS,06/22/2022,98,P-U,FORD,P,37680,40230,44430,20231205,0069,69,69,973137,0069,0000,0048A,,K,F,666,EAST 87 STREET,,0,408,C,,BBBBBBB,ALL,ALL,WHI,0,2008,-,0,,,,,
1480635443,HXK4350,NY,PAS,06/20/2022,46,SDN,HONDA,P,38190,14080,14130,20240328,0069,69,69,972677,0069,0000,0305A,,K,F,1050,E 102 ST,,0,408,E2,,BBBBBBB,ALL,ALL,BUR,0,2013,-,0,,,,,
1480635560,GCN3785,NY,PAS,06/15/2022,98,SUBN,FORD,P,68952,68942,37510,20220629,0069,69,69,963507,0069,0000,1239P,,K,F,25,PAERDEGAT 8 ST,,0,408,F1,,BBBBBBB,ALL,ALL,BLK,0,2008,-,0,,,,,
1480635686,JPJ3228,NY,PAS,06/11/2022,98,SUBN,BMW,P,14180,37515,37525,20231202,0069,69,69,963507,0069,0000,0847A,,K,F,8106,AVE L,,0,408,C,,BBBBBBB,ALL,ALL,GY,0,2011,-,0,,,,,
1480636071,HEB4592,NY,PAS,06/28/2022,40,SUBN,JEEP,P,38182,14230,14280,20240202,0069,69,69,968791,0069,0000,0707P,,K,F,1358,E 100 ST,,0,408,C4,,BBBBBBB,ALL,ALL,GRAY,0,2016,-,0,,,,,
1480636307,KTL3519,NY,PAS,06/29/2022,46,SDN,HYUND,P,68959,68942,37510,20221026,0069,69,69,972242,0069,0000,0636A,,K,F,28,PAERDEGAT 15TH ST,,0,408,E2,,BBBBBBB,ALL,ALL,GREY,0,2014,-,0,,,,,
1480636514,H41LKU,NJ,PAS,06/17/2022,98,SDN,BMW,P,38180,14280,75970,0,0069,69,69,963068,0069,0000,1256P,,K,F,1409,E 99TH STREET,,0,408,F2,,BBBBBBB,ALL,ALL,SILVE,0,2011,-,0,,,,,
1480636666,LVS4034,PA,PAS,06/15/2022,40,SDN,HONDA,P,38180,85870,14080,0,0069,69,69,972200,0069,0000,0211A,,K,F,966,EAST 99 STREET,,0,408,F2,,BBBBBBB,ALL,ALL,GRAY,0,2004,-,0,,,,,
1480636678,JFP2778,NY,PAS,06/26/2022,46,SUBN,LEXUS,P,40230,40404,40404,20230130,0069,69,69,972200,0069,0000,1245A,,K,F,585,FARRAGUT RD,,0,408,J3,,BBBBBBB,ALL,ALL,,0,0,-,0,,,,,
1480637348,KNU9617,NY,OMT,06/12/2022,40,SDN,TOYOT,P,0,0,0,20230629,0069,69,69,934583,0069,0000,1035P,2233P,K,,,C/O FLATLANDS,E 85TH ST,20220612,408,N5,,BBBBBBB,ALL,ALL,BLUE,0,2021,-,2,,,,,
1480655831,KKA9873,NY,PAS,06/27/2022,46,SDN,HYUND,P,37290,10740,10940,20230215,114,114,0,968231,PSA9,0000,0726P,,Q,F,50-18,BROADWAY,,0,408,C,,BBBBBBB,ALL,ALL,SILVE,0,2020,-,0,,,,,
1480656641,LVL5088,PA,PAS,06/21/2022,19,SDN,HONDA,P,66390,9340,9540,0,114,114,809,934172,0809,0000,0756P,,Q,F,40-01,VERNON BLVD,,0,408,E2,,BBBBBBB,ALL,ALL,BLUE,0,0,-,0,,,,,
1441873181,KRC1008,NY,PAS,06/12/2022,19,SDN,HONDA,R,7340,5055,5070,20230616,109,109,0,0,0NR0,0000,0232A,,Q,O,209,26 AVE,,0,408,C3,,BBBBBBB,ALL,ALL,BROW,0,2002,-,0,,,,,
1441873247,HUV4643,NY,PAS,06/14/2022,19,SDN,HONDA,R,65365,7340,7540,20231019,109,109,0,0,0NR0,0000,0736A,,Q,F,26-01,ULMER ST,,0,408,C3,,BBBBBBB,ALL,ALL,WHITE,0,2009,-,0,,,,,
1441873259,HUV4643,NY,PAS,06/14/2022,40,SDN,HONDA,R,65365,7340,7540,20231019,109,109,0,0,0NR0,0000,0736A,,Q,F,26-01,ULMER ST,,0,408,C3,,BBBBBBB,ALL,ALL,WHITE,0,2009,-,0,,,,,
1441873260,KWE8590,NY,PAS,06/14/2022,19,,HONDA,R,65365,7340,7540,20240422,109,109,0,0,0NR0,0000,0742A,,Q,F,26-01,ULMER ST,,0,408,E2,,BBBBBBB,ALL,ALL,BLACK,0,2022,-,0,,,,,
1441873820,KWL1255,NY,PAS,06/07/2022,19,,TOYOT,R,12740,54102,61090,0,110,110,0,0,0000,0000,1235P,,Q,F,39-56,61 ST,,0,408,C3,,BBBBBBB,ALL,ALL,,0,0,-,0,,,,,
1441873843,HMF9604,NY,PAS,06/20/2021,19,SUBN,BMW,R,45890,8210,8290,0,109,109,0,0,0000,0000,1133A,,Q,F,32-67,FRANCIS LEWIS BLVD,,0,408,B,,BBBBBBB,ALL,ALL,,0,0,-,0,,,,,
1446391322,JRU6625,NY,PAS,07/02/2022,19,SDN,BMW,P,55220,74330,12550,20240507,0044,44,163,938948,0163,0000,0626P,,BX,O,1324,OGDEN AVE,,0,408,E2,,BBBBBBB,ALL,ALL,BLUE,0,2014,-,0,,,,,
1446391334,JMK7388,NY,PAS,07/05/2022,40,SUBN,TOYOT,P,74260,55220,70620,20231212,0044,44,163,939948,0163,0000,0513P,,BX,F,160,W 168 ST,,0,408,E2,,BBBBBBB,ALL,ALL,BLUE,0,2007,-,0,,,,,
1446434874,KSA5741,NY,PAS,06/23/2022,46,SDN,NISSA,P,13820,14720,66620,20230831,0042,42,42,949996,0042,0000,0732P,,BX,F,1490,BOSTON RD,,0,408,M5,,BBBBBBB,ALL,ALL,,0,0,-,0,,,,,
1446447856,KRP1565,NY,PAS,06/02/2022,98,SUBN,NISSA,P,0,40404,40404,20230915,0049,49,49,959695,0049,0000,0100A,,BX,F,2328,MATHEWS AVE,,0,408,F1,,BBBBBBB,ALL,ALL,GRAY,0,2021,-,0,,,,,
1446494550,KRA8820,NY,PAS,07/04/2022,19,SUBN,NISSA,P,77150,40404,40404,20220704,0047,47,47,964457,0047,0000,0458P,1600P,,F,14718,WHITE PLAINS RD,,0,408,C3,,BBBBBBB,ALL,ALL,,0,0,-,0,,,,,
1446496326,HGR2036,NY,PAS,07/03/2022,40,SDN,NISSA,P,28020,45020,31150,20240504,0047,47,47,956132,0047,0000,0835A,,BX,F,1103,E 213 ST,,0,408,F2,,BBBBBBB,ALL,ALL,,0,2012,-,0,,,,,
1446504542,KUJ5284,NY,PAS,06/30/2022,14,SDN,ME/BE,P,78150,26070,26100,20240227,0040,40,40,967022,0040,0000,0555P,0553P,BX,F,512,WILLIS AVE,,20220630,408,E2,,BBBBBBB,ALL,ALL,BLK,0,2011,-,0,,,,,
1446534911,KYB2377,NY,PAS,07/01/2022,20,SDN,VOLKS,P,0,0,0,20240628,103,103,103,955866,0103,0000,0945P,,Q,,,S/E 104 AVE,MERRICK BLVD,0,408,D,,BBBBBBB,ALL,ALL,WH,0,2010,-,0,,,,,
1446706795,KUT2713,NY,PAS,07/07/2022,19,SUBN,HYUND,P,0,0,0,20240225,0060,60,801,970843,0801,0000,0936P,,K,,,S/S MERMAID AVE,W/O W 27 ST,0,408,E2,,BBBBBBB,ALL,ALL,WH,0,2022,-,0,,,,,
1446710907,KMS2017,NY,PAS,06/20/2022,46,SDN,DODGE,P,64220,54120,62420,20230820,0043,43,0,972251,0000,0000,0847P,0830P,BX,F,1720,SEWARD AVE,,0,408,C,,BBBBBBB,ALL,ALL,WHITE,0,2018,-,0,,,,,
1446729266,KUG7457,NY,PAS,06/26/2022,20,SUBN,JEEP,P,65120,34020,97080,20240130,0043,43,0,963224,PSA8,0000,0120A,0115A,,F,1040,SOUNDVIEW AVE,,0,408,C,,BBBBBBB,ALL,ALL,WHITE,0,2021,-,0,,,,,
1446757778,KVT3908,99,PAS,06/24/2022,62,LEXU,ME/BE,Q,0,0,0,20240329,174,174,0,422286,0SOD,0000,1209P,,Q,O,18-33,HAZEN STREET,RIKERS ISLAND,0,408,C2,,BBBBBBB,ALL,ALL,GY,0,2008,-,0,,,,,
1446781100,HJE6486,NY,PAS,06/06/2022,17,SUBN,NISSA,Q,17590,10010,20490,20220924,0013,13,0,523279,BHPW,0000,0835A,,NY,O,400,E 30TH ST,,0,408,C4,,BBBBBBB,ALL,ALL,BK,0,2019,-,0,,,,,
1446793254,HZG8479,NY,PAS,07/03/2022,40,SDN,ACURA,8,50770,40404,40404,20240416,0043,43,0,232,0000,0000,0922A,,BX,F,404,METROPOLITAN OVAL,,0,408,F1,,BBBBBBB,ALL,ALL,BLK,0,2016,-,0,,,,,
1446828244,H85LPA,NJ,PAS,05/06/2022,46,,HDX,F,12520,26940,29620,0,0048,48,20,916099,1020,0000,0115P,,,O,1898,BELMONT AVE,,0,408,D,,BBBBBBB,ALL,ALL,,0,0,-,0,,,,,
1446833380,HDS2161,NY,PAS,06/03/2022,40,SDN,NISSA,F,6740,7840,7990,20231204,114,114,262,919994,E262,0000,1004P,,,F,30-80,21ST STREET,,0,408,J3,,BBBBBBB,ALL,ALL,WHT,0,2019,-,0,,,,,
1446888897,KMS7928,NY,PAS,06/11/2022,20,SUBN,FORD,K,45290,55590,0,20230729,115,115,3,160933,0003,0000,1145A,,Q,,,FOCH BLVD,MERRICK BLVD,0,408,E2,,BBBBBBB,ALL,ALL,BLK,0,2014,-,0,,,,,
1446888903,KLC6576,NY,PAS,06/18/2022,20,SUBN,BMW,K,45290,55590,0,20230618,113,113,3,160933,0003,0000,1025A,,Q,,,FOCH BLVD,MERRICK BLVD,0,408,A1,,BBBBBBB,ALL,ALL,WHITE,0,2008,-,0,,,,,
1446891379,JGP1141,NY,PAS,07/04/2022,20,P-U,CHEVR,K,0,0,0,20230324,0050,50,2,180222,0002,0000,0143P,,,F,,N/S VAN CORTLANDT PK,E/O BROADWAY,0,408,F2,,BBBBBBB,ALL,ALL,,0,0,-,0,,,,,
1446895397,HZJ7075,NY,PAS,06/07/2022,70,SUBN,INFIN,K,0,0,0,20220525,0078,78,4,160506,0004,0000,0833A,,K,,,INSIDE PROSPECT PARK,95 PROSPECT PARK,0,408,C,,BBBBBBB,ALL,ALL,WHITE,0,2015,-,0,,,,,
1446913510,KSC7458,NY,PAS,07/04/2022,14,SUBN,FORD,N,39202,47000,34155,20230913,122,122,5,160007,0005,0000,0333P,,R,,,MIDLAND BCH PARKING,,0,408,J3,,BBBBBBB,ALL,ALL,BLK,0,2015,-,0,,,,,
1446925584,JAG2223,NY,PAS,07/01/2022,68,SUBN,HONDA,K,48502,0,0,20240523,122,122,5,160110,0005,0000,1255P,,R,,,SOUTH BEACH,LOT 2,0,408,F6,,BBBBBBB,ALL,ALL,GRAY,0,0,-,0,,,,,
1446925614,KEH4047,NY,PAS,07/01/2022,68,VAN,FORD,K,48502,0,0,20220819,122,122,5,160110,0005,0000,0203P,,R,,,SOUTH BEACH,LOT 2,0,408,A1,,BBBBBBB,ALL,ALL,BLK,0,2007,-,0,,,,,
1446925687,JKF9294,NY,PAS,07/03/2022,68,SUBN,HONDA,K,0,0,0,20230704,122,122,5,160110,0005,0000,1140A,,R,,,SMITH BEACH,LOT 2,0,408,D,,BBBBBBB,ALL,ALL,GRY,0,2019,-,0,,,,,
1446925699,KWP3882,NY,PAS,07/03/2022,68,SUBN,,K,0,0,0,20240427,122,122,5,160110,0005,0000,1145A,,R,,,SMITH BEACH,LOT 2,0,408,A1,,BBBBBBB,ALL,ALL,BLK,0,2010,-,0,,,,,
1446925778,KNX8281,NY,PAS,07/01/2022,68,SUBN,HONDA,K,48502,0,0,20230919,122,122,5,160110,0005,0000,1250P,,R,,,SOUTH BEACH,LOT 2,0,408,A1,,BBBBBBB,ALL,ALL,BLK,0,2021,-,0,,,,,
1446925780,HKD6146,NY,PAS,07/01/2022,68,SDN,HONDA,K,48502,0,0,20220818,122,122,5,160110,0005,0000,1252P,,R,,,SOUTH BEACH,LOT 2,0,408,A1,,BBBBBBB,ALL,ALL,WHT,0,2016,-,0,,,,,
1446940597,LMR3318,PA,PAS,06/12/2022,14,SDN,MAZDA,K,0,0,0,0,0060,60,4,160425,0004,0000,0513P,,K,F,,KAISER PARK,W 29 ST NEPTUNE,0,408,D,,BBBBBBB,ALL,ALL,WHITE,0,0,-,0,,,,,
1446940603,JRV5279,NY,PAS,06/18/2022,14,SUBN,NISSA,K,91630,83630,0,20240603,0060,60,4,160562,0004,0000,0220P,,K,,,W 25TH,SURF AVE,0,408,J3,,BBBBBBB,ALL,ALL,SILVE,0,2010,-,0,,,,,
1446940615,KXL6045,NY,PAS,06/18/2022,14,SDN,NISSA,K,91630,20030,0,20240331,0060,60,4,100562,0004,0000,0251P,,K,F,,W 25TH,RIEGELMAN BOARDWALK,0,408,C,,BBBBBBB,ALL,ALL,BLACK,0,2019,-,0,,,,,
1446952381,HZL8363,NY,PAS,06/07/2022,70,SDN,ME/BE,K,55430,0,0,20220524,0094,94,4,160199,0004,0000,1002A,,K,O,424,LEONARD ST,MCCARRON REC,0,408,F2,,BBBBBBB,ALL,ALL,GRAY,0,2021,-,0,,,,,
1446953919,KDU5012,NY,PAS,06/09/2022,98,SDN,MINI,K,28630,34430,0,20220725,0094,94,4,160597,0004,0000,1234P,,K,,,COMMERCIAL ST,DUPONT ST,0,408,J3,,BBBBBBB,ALL,ALL,GRAY,0,2015,-,0,,,,,
1446953920,KLF7913,NY,PAS,06/09/2022,46,FOUR,HYUND,K,28630,34430,0,20230422,0094,94,4,160597,0004,0000,1242P,,K,,,COMMERCIAL ST,DUPONT ST,0,408,F2,,BBBBBBB,ALL,ALL,GRAY,0,2013,-,0,,,,,
1447037560,KWT4567,PA,PAS,06/28/2022,20,,DODGE,P,14190,97560,13113,0,0020,20,863,941086,0863,0000,0217P,,NY,F,1,CENTRAL PARK,,0,408,F2,,YYYYYYY,0800A,0800A,,0,0,-,0,,,,,
1447104237,LSY2223,PA,PAS,07/06/2022,17,SUBN,JEEP,P,19010,24890,0,0,0023,23,23,968396,0023,0000,0445P,,NY,F,,E 102 ST,LEXINGTON AVE,0,408,F1,,BBBBBBB,ALL,ALL,RED,0,0,-,0,,,,,
1447181554,KTG7527,NY,PAS,06/26/2022,51,SDN,ME/BE,P,35070,11710,44990,20240117,0020,20,20,963260,0020,0000,0116A,,,F,240,W 65 ST,,0,408,C3,,BBBBBBB,ALL,ALL,GRAY,0,2016,-,0,,,,,
1447304111,KHU7390,NY,PAS,06/19/2022,51,SUBN,GMC,P,93130,73480,38130,20230101,0067,67,139,947153,0139,0000,0820P,,K,F,1163,WILLMOHR ST,,0,408,F2,,BBBBBBB,ALL,ALL,GRY,0,2011,-,0,,,,,
1447410312,LMBK19,FL,PAS,07/02/2022,19,VAN,RV,P,10410,17790,17810,20231031,0014,14,14,964942,0014,0000,0526P,1726P,,F,475,5 AVENUE,,0,408,E9,,BBBBBBB,ALL,ALL,GN,0,0,-,0,,,,,
1447452276,L39PRC,NJ,PAS,06/22/2022,17,SDN,ACURA,P,0,40404,40404,0,0084,84,879,919814,0879,0000,1123A,,,O,96,BOERUM COURT,,0,408,C,,YYYYYBB,0700A,0700P,BLACK,0,0,-,0,,,,,
1447452306,KTR1525,NY,PAS,06/23/2022,17,SUBN,BMW,P,20110,81330,18950,20231223,0084,84,879,892873,0879,0000,0830A,,K,O,64,BOERUM PLACE,,0,408,C4,,BBBBBBB,ALL,ALL,WH,0,2022,-,0,,,,,
1447457730,KPM2894,NY,PAS,06/29/2022,46,SDN,HONDA,P,75530,51030,20530,20230810,0084,84,868,956794,0868,0000,0339P,,K,F,200,SCHERMERHORN STREET,,0,408,F2,,BBBBBBB,ALL,ALL,,0,2012,-,0,,,,,
1447578004,KGM9439,NY,PAS,06/16/2022,19,SUBN,JEEP,P,61090,16490,16590,20221216,115,115,115,966414,0115,0000,0140A,,Q,F,79-17,ROOSEVELT AVE,,0,408,J2,,BBBBBBB,ALL,ALL,ORANG,0,2020,-,0,,,,,
1447699427,GRV1025,NY,PAS,06/17/2022,98,SUBN,SBU,P,7140,6740,7040,20240611,114,114,114,949362,0114,0000,0827P,,Q,F,21-21,24 RD,,0,408,F2,,BBBBBBB,ALL,ALL,GY,0,2014,-,0,,,,,
1447699439,HTD3936,NY,PAS,06/17/2022,98,SUBN,BMW,P,7300,8090,8040,20230817,114,114,114,949562,0114,0000,0950P,,Q,F,31-40,CRESCENT STREET,,0,408,F2,,BBBBBBB,ALL,ALL,GY,0,2012,-,0,,,,,
1447728257,KMM5978,NY,PAS,06/02/2022,19,SDN,NISSA,P,7440,5055,5070,20230504,114,114,114,959896,0114,0000,0214A,,,F,2-07,27 AVE,,0,408,D,,BBBBBBB,ALL,ALL,BLK,0,2019,-,0,,,,,
1447775776,KVF3693,NY,PAS,06/25/2022,46,SDN,HONDA,P,9790,8440,8590,20240325,114,114,114,938830,0114,0000,0208A,,Q,F,34-10,42 STREET,,0,408,F1,,BBBBBBB,ALL,ALL,BL,0,2022,-,0,,,,,
1447775788,KDE2077,NY,PAS,06/25/2022,40,SDN,KIA,P,9640,28790,7240,20220730,114,114,114,938830,0114,0000,0330A,,Q,O,24-43,41 STREET,,0,408,F1,,BBBBBBB,ALL,ALL,BK,0,2015,-,0,,,,,
1447775790,KKM6830,NY,PAS,06/25/2022,46,SUBN,JEEP,P,9790,8440,8590,20230307,114,114,114,938830,0114,0000,0348A,,,F,3406,42 STREET,,0,408,E2,,BBBBBBB,ALL,ALL,BK,0,2017,-,0,,,,,
1447775934,MGM2979,NY,PAS,06/25/2022,41,SUBN,JEEP,P,9790,7240,7540,20240502,114,114,114,938830,0114,0000,0150A,,,F,25-48,42 ST,,0,408,F1,,BBBBBBB,ALL,ALL,GY,0,2021,-,0,,,,,
1447783906,JKP5766,NY,PAS,06/21/2022,46,SUBN,VOLVO,P,26190,6150,6145,20220523,109,109,109,969744,0109,0000,0215A,,Q,F,15-65,208 STREET,,0,408,F1,,BBBBBBB,ALL,ALL,WHT,0,2021,-,0,,,,,
